﻿Date,Name,Year,Letterboxd URI
2019-06-02,Inception,2010,https://boxd.it/1skk
2019-06-02,Arrival,2016,https://boxd.it/aNGk
2019-06-02,Avengers: Endgame,2019,https://boxd.it/9vE4
2019-06-02,Fight Club,1999,https://boxd.it/2a9q
2019-06-02,Dallas Buyers Club,2013,https://boxd.it/4O8G
2019-06-02,Secrets of China's Forbidden City,2017,https://boxd.it/gHN2
2019-06-02,Blade Runner 2049,2017,https://boxd.it/b8wK
2019-06-02,The Bucket List,2007,https://boxd.it/20Ye
2019-06-02,Lawless,2012,https://boxd.it/2TIK
2020-03-27,The Favourite,2018,https://boxd.it/d2hI
2020-03-29,Mr. Brooks,2007,https://boxd.it/25nW
2020-03-29,Interstate 60,2002,https://boxd.it/1DIs
2020-03-31,Bicentennial Man,1999,https://boxd.it/2722
2020-03-31,Swiss Army Man,2016,https://boxd.it/bDG2
2020-04-01,Four Rooms,1995,https://boxd.it/73g
2020-04-04,Jackie Brown,1997,https://boxd.it/2aVO
2020-04-04,For a Few Dollars More,1965,https://boxd.it/29eu
