Date,Name,Year,Letterboxd URI
2019-06-02,Inception,2010,https://boxd.it/1skk
2019-06-02,Arrival,2016,https://boxd.it/aNGk
2019-06-02,Avengers: Endgame,2019,https://boxd.it/9vE4
2019-06-02,Fight Club,1999,https://boxd.it/2a9q
2019-06-02,Dallas Buyers Club,2013,https://boxd.it/4O8G
2019-06-02,Secrets of China's Forbidden City,2017,https://boxd.it/gHN2
2019-06-02,Blade Runner 2049,2017,https://boxd.it/b8wK
2019-06-02,The Bucket List,2007,https://boxd.it/20Ye
2019-06-02,Lawless,2012,https://boxd.it/2TIK
2019-06-12,The Assassination of Jesse James by the Coward Robert Ford,2007,https://boxd.it/24dG
2019-06-12,October Sky,1999,https://boxd.it/1Q7u
2019-06-12,Memento,2000,https://boxd.it/2bcK
2019-06-27,Sunset Boulevard,1950,https://boxd.it/2a20
2019-06-27,The Fifth Element,1997,https://boxd.it/71k
2019-06-27,Drive,2011,https://boxd.it/IG
2019-06-27,Source Code,2011,https://boxd.it/fdo
2019-06-28,Dead Man,1995,https://boxd.it/29h4
2019-07-01,Taxi Driver,1976,https://boxd.it/2b8y
2019-07-24,Chinatown,1974,https://boxd.it/29vU
2019-07-30,There Will Be Blood,2007,https://boxd.it/20Z2
2019-08-05,One Flew Over the Cuckoo's Nest,1975,https://boxd.it/2aeA
2019-08-07,Casablanca,1942,https://boxd.it/2aG0
2019-08-07,Knockin' on Heaven's Door,1997,https://boxd.it/2aZQ
2019-08-07,Valerian and the City of a Thousand Planets,2017,https://boxd.it/biYY
2019-08-07,First Man,2018,https://boxd.it/cPym
2019-08-08,King Arthur: Legend of the Sword,2017,https://boxd.it/8lDS
2019-08-08,"Lock, Stock and Two Smoking Barrels",1998,https://boxd.it/2b92
2019-08-08,Snatch,2000,https://boxd.it/2b7U
2019-08-11,A.I. Artificial Intelligence,2001,https://boxd.it/29Ve
2019-08-13,Brokeback Mountain,2005,https://boxd.it/2b2q
2019-08-15,Léon: The Professional,1994,https://boxd.it/2b8S
2019-08-18,Bohemian Rhapsody,2018,https://boxd.it/f1TK
2019-08-19,Johnny Mnemonic,1995,https://boxd.it/1XBQ
2019-08-26,Fargo,1996,https://boxd.it/2aHM
2019-08-27,2001: A Space Odyssey,1968,https://boxd.it/2bf0
2019-08-29,Catch Me If You Can,2002,https://boxd.it/29VS
2019-08-30,The Big Lebowski,1998,https://boxd.it/2b6C
2019-08-30,Pulp Fiction,1994,https://boxd.it/29Pq
2019-08-30,The Ballad of Buster Scruggs,2018,https://boxd.it/jB2q
2019-09-01,Spider-Man: Into the Spider-Verse,2018,https://boxd.it/azpY
2019-09-01,T2 Trainspotting,2017,https://boxd.it/5vTA
2019-09-01,Jesus Christ Superstar,1973,https://boxd.it/1RK8
2019-09-06,Seven Psychopaths,2012,https://boxd.it/34PW
2019-09-06,In Bruges,2008,https://boxd.it/20n8
2019-09-07,Trainspotting,1996,https://boxd.it/29XY
2019-09-20,Her,2013,https://boxd.it/4O24
2019-09-24,Scarface,1983,https://boxd.it/2b7g
2019-09-30,Citizen Kane,1941,https://boxd.it/71O
2019-10-02,Burn After Reading,2008,https://boxd.it/23BW
2019-10-08,Basic Instinct,1992,https://boxd.it/2asM
2019-10-08,The Intouchables,2011,https://boxd.it/2FT0
2019-10-10,Some Like It Hot,1959,https://boxd.it/2aNA
2019-10-10,The Great Race,1965,https://boxd.it/1TvY
2019-10-13,Wolf,1994,https://boxd.it/1Wn4
2019-10-18,Full Metal Jacket,1987,https://boxd.it/2a1Q
2019-10-19,"Good Morning, Vietnam",1987,https://boxd.it/29Aq
2019-10-19,Dunkirk,2017,https://boxd.it/d0Y6
2019-10-28,The Aviator,2004,https://boxd.it/26BU
2019-10-29,Dead Poets Society,1989,https://boxd.it/2aSg
2019-11-03,The Fisher King,1991,https://boxd.it/2aWM
2019-11-04,Minority Report,2002,https://boxd.it/2aWi
2019-11-04,The Grand Budapest Hotel,2014,https://boxd.it/3ZqO
2019-11-06,Eyes Wide Shut,1999,https://boxd.it/2axs
2019-11-10,Venom,2018,https://boxd.it/b8wA
2019-11-18,Les Misérables,2012,https://boxd.it/2TT4
2019-11-19,12 Angry Men,1957,https://boxd.it/2auI
2019-11-22,Legend,2015,https://boxd.it/8qZY
2019-12-02,Push,2009,https://boxd.it/1Q8W
2019-12-03,Ender's Game,2013,https://boxd.it/2N9Y
2019-12-24,Joker,2019,https://boxd.it/h4cS
2019-12-31,The Mule,2018,https://boxd.it/idcY
2020-01-12,The Irishman,2019,https://boxd.it/dYOq
2020-01-12,The Informer,2019,https://boxd.it/gGJI
2020-01-12,Parasite,2019,https://boxd.it/hTha
2020-01-16,Once Upon a Time… in Hollywood,2019,https://boxd.it/gH0O
2020-01-17,Dragged Across Concrete,2018,https://boxd.it/fAly
2020-01-18,Reservoir Dogs,1992,https://boxd.it/2agc
2020-01-25,The Pianist,2002,https://boxd.it/2aqc
2020-01-25,Ash Is Purest White,2018,https://boxd.it/fH5C
2020-01-25,Brick,2005,https://boxd.it/1Z6A
2020-01-25,Looper,2012,https://boxd.it/ham
2020-01-25,Tokyo Story,1953,https://boxd.it/1HuY
2020-02-01,The Shape of Water,2017,https://boxd.it/dZ5m
2020-02-09,Oldboy,2003,https://boxd.it/29R2
2020-02-11,A Beautiful Mind,2001,https://boxd.it/2amk
2020-02-15,Motherless Brooklyn,2019,https://boxd.it/ieJk
2020-02-15,Ex Machina,2015,https://boxd.it/7T2k
2020-02-17,Blade Runner,1982,https://boxd.it/2bcA
2020-02-20,Insomnia,2002,https://boxd.it/2aB0
2020-02-22,1917,2019,https://boxd.it/jj4y
2020-02-25,The Day the Earth Stood Still,2008,https://boxd.it/1WQ6
2020-02-26,Knives Out,2019,https://boxd.it/jWEA
2020-03-08,Nineteen Eighty-Four,1984,https://boxd.it/1YZE
2020-03-14,Jojo Rabbit,2019,https://boxd.it/iEBG
2020-03-15,Paths of Glory,1957,https://boxd.it/29b6
2020-03-16,The Mexican,2001,https://boxd.it/226y
2020-03-20,"The Good, the Bad and the Ugly",1966,https://boxd.it/2ape
2020-03-25,The World's End,2013,https://boxd.it/3EiO
2020-03-27,The Favourite,2018,https://boxd.it/d2hI
2020-03-29,Mr. Brooks,2007,https://boxd.it/25nW
2020-03-29,Interstate 60,2002,https://boxd.it/1DIs
2020-03-31,Bicentennial Man,1999,https://boxd.it/2722
2020-03-31,Swiss Army Man,2016,https://boxd.it/bDG2
2020-04-01,Four Rooms,1995,https://boxd.it/73g
2020-04-04,Jackie Brown,1997,https://boxd.it/2aVO
2020-04-04,For a Few Dollars More,1965,https://boxd.it/29eu
2020-04-06,A Fistful of Dollars,1964,https://boxd.it/2auo
2020-04-06,"The Good, The Bad, The Weird",2008,https://boxd.it/1MSG
2020-04-13,Once Upon a Time in America,1984,https://boxd.it/2aCs
2020-04-14,Zombieland: Double Tap,2019,https://boxd.it/bgb6
2020-04-16,Kiss Kiss Bang Bang,2005,https://boxd.it/23c8
2020-04-16,The Gentlemen,2019,https://boxd.it/iYBQ
2020-04-19,Saving Private Ryan,1998,https://boxd.it/29ro
2020-04-23,The Killing,1956,https://boxd.it/2aMi
2020-04-26,Limitless,2011,https://boxd.it/Aly
2020-04-26,Good Will Hunting,1997,https://boxd.it/2ahY
2020-05-02,Walk the Line,2005,https://boxd.it/2bdS
2020-05-05,Split,2016,https://boxd.it/dgSy
2020-05-10,Atomic Blonde,2017,https://boxd.it/blDk
2020-05-13,The Great Dictator,1940,https://boxd.it/29ic
2020-05-14,Renaissance,2006,https://boxd.it/1YO2
2020-05-16,Ready Player One,2018,https://boxd.it/aZes
2020-05-17,Upgrade,2018,https://boxd.it/i4gW
2020-05-19,The King's Speech,2010,https://boxd.it/dX0
2020-05-21,Dr. Strangelove or: How I Learned to Stop Worrying and Love the Bomb,1964,https://boxd.it/29eY
2020-05-23,Solaris,1972,https://boxd.it/2a2Y
2020-05-25,Brother,1997,https://boxd.it/1CA8
2020-05-27,Stalker,1979,https://boxd.it/28PO
2020-05-29,Brother 2,2000,https://boxd.it/1CzY
2020-05-30,Cargo 200,2007,https://boxd.it/1d7A
2020-06-01,Bone Tomahawk,2015,https://boxd.it/9kiw
2020-06-02,Starship Troopers,1997,https://boxd.it/2a7k
2020-06-04,Blood Simple,1984,https://boxd.it/1U16
2020-06-06,Kiss Me Deadly,1955,https://boxd.it/1HHe
2020-06-07,Naked Lunch,1991,https://boxd.it/26ow
2020-06-09,Nightcrawler,2014,https://boxd.it/780m
2020-06-10,Kung Fu Hustle,2004,https://boxd.it/1YBi
2020-06-16,No Country for Old Men,2007,https://boxd.it/21ew
2020-06-18,Ace in the Hole,1951,https://boxd.it/1vXk
2020-06-21,Schindler's List,1993,https://boxd.it/2aq2
2020-06-22,Prisoners,2013,https://boxd.it/4E5i
2020-06-23,Phone Booth,2002,https://boxd.it/285G
2020-06-28,Interstellar,2014,https://boxd.it/4VZ8
2020-07-15,Raise the Red Lantern,1991,https://boxd.it/1WlC
2020-07-23,House of Flying Daggers,2004,https://boxd.it/1YoI
2020-07-27,"Crouching Tiger, Hidden Dragon",2000,https://boxd.it/2b1M
2020-08-20,Bill & Ted's Excellent Adventure,1989,https://boxd.it/28oI
2020-08-22,"How Viktor ""The Garlic"" Took Alexey ""The Stud"" to the Nursing Home",2017,https://boxd.it/gHdS
2020-08-26,The Lady from Shanghai,1947,https://boxd.it/251Q
2020-09-03,Anon,2018,https://boxd.it/dTCE
2020-09-03,Children of Men,2006,https://boxd.it/1Y2i
2020-09-03,Sin City,2005,https://boxd.it/2aVk
2020-09-03,Sin City: A Dame to Kill For,2014,https://boxd.it/2aV0
2020-09-03,Mamma Mia!,2008,https://boxd.it/1Tnq
2020-09-06,Train to Busan,2016,https://boxd.it/dSQU
2020-09-07,Office Uprising,2018,https://boxd.it/dgLW
2020-09-20,The Sixth Sense,1999,https://boxd.it/29Js
2020-09-20,The Departed,2006,https://boxd.it/28MA
2020-09-22,The Wolf of Wall Street,2013,https://boxd.it/3C1m
2020-09-23,"Hail, Caesar!",2016,https://boxd.it/881G
2020-09-23,Oblivion,2013,https://boxd.it/2Bzq
2020-10-03,A Clockwork Orange,1971,https://boxd.it/2aVE
2020-10-04,Snowpiercer,2013,https://boxd.it/3Icg
2020-10-06,A Bittersweet Life,2005,https://boxd.it/1U4Y
2020-10-07,Carnage,2011,https://boxd.it/2peU
2020-10-07,Cloud Atlas,2012,https://boxd.it/2W60
2020-10-21,Lolita,1962,https://boxd.it/29Ag
2020-10-30,Mission: Impossible - Fallout,2018,https://boxd.it/bSVc
2020-11-13,The Dictator,2012,https://boxd.it/2DEW
2020-11-13,Grimsby,2016,https://boxd.it/7ZkO
2020-11-13,Borat: Cultural Learnings of America for Make Benefit Glorious Nation of Kazakhstan,2006,https://boxd.it/2agQ
2020-11-16,Seven Samurai,1954,https://boxd.it/2axi
2020-11-20,Warm Bodies,2013,https://boxd.it/2TFm
2020-11-27,Spartacus,1960,https://boxd.it/29bq
2020-11-28,Moonrise Kingdom,2012,https://boxd.it/2Wng
2020-11-28,Bridge to Terabithia,2007,https://boxd.it/28YG
2020-11-30,Mutiny on the Bounty,1935,https://boxd.it/1S5K
2020-12-02,Inherent Vice,2014,https://boxd.it/5hla
2020-12-04,Yojimbo,1961,https://boxd.it/1SRY
2020-12-05,Mean Girls,2004,https://boxd.it/1VNg
2020-12-18,Sanjuro,1962,https://boxd.it/1TaQ
2020-12-20,Tenet,2020,https://boxd.it/leq4
2020-12-24,Kin-dza-dza!,1986,https://boxd.it/1CMS
2020-12-25,Falling Down,1993,https://boxd.it/194M
2020-12-26,Barry Lyndon,1975,https://boxd.it/25A2
2020-12-26,Zodiac,2007,https://boxd.it/27MO
2020-12-28,The Time Traveler's Wife,2009,https://boxd.it/1xH4
2020-12-28,Silver Linings Playbook,2012,https://boxd.it/2TTo
2020-12-29,Spider-Man: Far From Home,2019,https://boxd.it/fegG
2020-12-29,Harakiri,1962,https://boxd.it/1NTU
2020-12-29,All the King's Men,1949,https://boxd.it/1vQI
2020-12-31,Metropolis,1927,https://boxd.it/71a
2021-01-07,Bruce Almighty,2003,https://boxd.it/2aCC
2021-01-11,Psycho,1960,https://boxd.it/2ab2
2021-01-24,Ghost in the Shell,1995,https://boxd.it/1YYc
2021-01-29,Bookies,2003,https://boxd.it/1Nrm
2021-01-30,Deep Impact,1998,https://boxd.it/1ZYM
2021-01-31,The Adventures of Tintin,2011,https://boxd.it/1Irc
2021-01-31,Inglourious Basterds,2009,https://boxd.it/1JzG
2021-01-31,Django Unchained,2012,https://boxd.it/2cCk
2021-01-31,The Hateful Eight,2015,https://boxd.it/8gw8
2021-01-31,Kill Bill: The Whole Bloody Affair,2011,https://boxd.it/eCrQ
2021-01-31,The Prestige,2006,https://boxd.it/293w
2021-01-31,Batman Begins,2005,https://boxd.it/2aIg
2021-01-31,The Dark Knight,2008,https://boxd.it/2b0k
2021-01-31,The Dark Knight Rises,2012,https://boxd.it/H3m
2021-01-31,Ocean's Eleven,2001,https://boxd.it/2aZm
2021-02-01,The Big Short,2015,https://boxd.it/ajZw
2021-02-04,Edge of Tomorrow,2014,https://boxd.it/4pD0
2021-02-04,Vanilla Sky,2001,https://boxd.it/27TK
2021-02-06,High Life,2018,https://boxd.it/d6bk
2021-02-08,Rain Man,1988,https://boxd.it/2avw
2021-03-15,American Psycho,2000,https://boxd.it/28Vs
2021-03-28,Gantz:O,2016,https://boxd.it/dRTI
2021-03-29,Knock Knock,2015,https://boxd.it/7Q9s
2021-04-11,Contagion,2011,https://boxd.it/13rq
2021-04-17,L.A. Confidential,1997,https://boxd.it/27oC
2021-04-18,Magnolia,1999,https://boxd.it/2aze
2021-04-20,Body Heat,1981,https://boxd.it/1O9S
2021-04-23,Moulin Rouge!,2001,https://boxd.it/29wI
2021-04-26,The Nice Guys,2016,https://boxd.it/94Hg
2021-05-03,The Imitation Game,2014,https://boxd.it/6aig
2021-05-05,Ad Astra,2019,https://boxd.it/ePzI
2021-05-06,Se7en,1995,https://boxd.it/29zs
2021-05-09,Under the Silver Lake,2018,https://boxd.it/dSAs
2021-05-10,Greener Grass,2019,https://boxd.it/jYoY
2021-05-10,Catch-22,1970,https://boxd.it/1WrK
2021-05-13,Once Upon a Time in the West,1968,https://boxd.it/2az4
2021-05-14,Reign of Assassins,2010,https://boxd.it/SOS
2021-05-16,The 400 Blows,1959,https://boxd.it/2b1C
2021-05-19,The Current War,2017,https://boxd.it/eNvO
2021-05-22,Forbidden Planet,1956,https://boxd.it/29vK
2021-05-26,What We Do in the Shadows,2014,https://boxd.it/7eQy
2021-06-01,The Man Who Shot Liberty Valance,1962,https://boxd.it/1Tdg
2021-06-04,Stagecoach,1939,https://boxd.it/297S
2021-06-09,Fail Safe,1964,https://boxd.it/2afS
2021-06-10,Welcome to Chechnya,2020,https://boxd.it/oih2
2021-06-11,Bo Burnham: Inside,2021,https://boxd.it/v2uy
2021-06-12,Turbo Kid,2015,https://boxd.it/9X0c
2021-06-16,Anthropoid,2016,https://boxd.it/bOr8
2021-06-17,The Boondock Saints,1999,https://boxd.it/20gw
2021-06-20,All the President's Men,1976,https://boxd.it/29lU
2021-06-21,Life Is Beautiful,1997,https://boxd.it/29Wm
2021-06-27,Timecop,1994,https://boxd.it/1ZNO
2021-06-28,"O Brother, Where Art Thou?",2000,https://boxd.it/2b3I
2021-06-29,Enemy,2013,https://boxd.it/5xtO
2021-07-01,Devil in a Blue Dress,1995,https://boxd.it/204A
2021-07-04,Apocalypse Now,1979,https://boxd.it/6ZS
2021-07-07,Land of the Dead,2005,https://boxd.it/1Tfm
2021-07-10,The Gold Rush,1925,https://boxd.it/29ce
2021-07-10,The Truman Show,1998,https://boxd.it/18U8
2021-07-11,Drunken Angel,1948,https://boxd.it/1uYQ
2021-07-15,Birds of Prey (and the Fantabulous Emancipation of One Harley Quinn),2020,https://boxd.it/hSyO
2021-07-18,The Master,2012,https://boxd.it/2cBG
2021-07-21,Spotlight,2015,https://boxd.it/a84k
2021-07-23,The Stoker,2010,https://boxd.it/pFi
2021-07-24,Jerry Maguire,1996,https://boxd.it/1YNS
2021-07-25,We Bare Bears: The Movie,2020,https://boxd.it/pg7m
2021-07-28,Gattaca,1997,https://boxd.it/29Du
2021-07-29,8½,1963,https://boxd.it/2aqm
2021-08-03,Mulholland Drive,2001,https://boxd.it/297o
2021-08-03,The 10th Victim,1965,https://boxd.it/38w
2021-08-05,Fahrenheit 451,1966,https://boxd.it/28fw
2021-08-06,The Organizer,1963,https://boxd.it/Cas
2021-08-08,Barton Fink,1991,https://boxd.it/2aFQ
2021-08-10,American History X,1998,https://boxd.it/2bdo
2021-08-13,GoodFellas,1990,https://boxd.it/29FA
2021-08-25,Star Trek,2009,https://boxd.it/1Q6c
2021-08-26,Major Grom: Plague Doctor,2021,https://boxd.it/jeNS
2021-08-27,Wrath of Man,2021,https://boxd.it/nEia
2021-08-29,Star Trek Beyond,2016,https://boxd.it/5Ik4
2021-08-31,The Man Who Wasn't There,2001,https://boxd.it/1Vqc
2021-09-03,Revolutionary Road,2008,https://boxd.it/24Le
2021-09-04,The Invasion,2007,https://boxd.it/23Ku
2021-09-07,Aquaman,2018,https://boxd.it/9ru0
2021-09-09,Fury,2014,https://boxd.it/6JwC
2021-09-11,Mank,2020,https://boxd.it/mIuC
2021-09-12,Alien³,1992,https://boxd.it/20zS
2021-09-17,The Game,1997,https://boxd.it/26vC
2021-09-17,Jules and Jim,1962,https://boxd.it/28rM
2021-09-21,The Verdict,1982,https://boxd.it/1y3Y
2021-09-22,Fantastic Beasts: The Crimes of Grindelwald,2018,https://boxd.it/bg8G
2021-09-23,Ip Man,2008,https://boxd.it/1NrQ
2021-10-01,La Notte,1961,https://boxd.it/10iU
2021-10-01,The City of Lost Children,1995,https://boxd.it/29k8
2021-10-01,Mute,2018,https://boxd.it/e6nW
2021-10-01,Moon,2009,https://boxd.it/1IGQ
2021-10-03,Invasion of the Body Snatchers,1956,https://boxd.it/1TAa
2021-10-03,Cypher,2002,https://boxd.it/1X0A
2021-10-04,The Ghost and the Darkness,1996,https://boxd.it/1VTe
2021-10-05,Terminal,2018,https://boxd.it/dqSo
2021-10-06,Revolver,2005,https://boxd.it/1VeA
2021-10-08,Ghost in the Shell 2: Innocence,2004,https://boxd.it/1SrG
2021-10-09,Judge Dredd,1995,https://boxd.it/1Yzm
2021-10-11,Dead Men Don't Wear Plaid,1982,https://boxd.it/1YFE
2021-10-13,Death Proof,2007,https://boxd.it/27GG
2021-10-16,The Mitchells vs. The Machines,2021,https://boxd.it/i7xm
2021-10-17,Little Women,2019,https://boxd.it/aSVk
2021-10-20,Running on Empty,1988,https://boxd.it/1How
2021-10-21,The Witcher: Nightmare of the Wolf,2021,https://boxd.it/oNDI
2021-10-24,Lady Bird,2017,https://boxd.it/dGNE
2021-10-26,The Little Things,2021,https://boxd.it/mdxU
2021-10-29,Dune,2021,https://boxd.it/fA7G
2021-11-01,Filth,2013,https://boxd.it/32NY
2021-11-01,Predestination,2014,https://boxd.it/6bJM
2021-11-02,X-Men: Days of Future Past,2014,https://boxd.it/4aRw
2021-11-05,It's a Wonderful Life,1946,https://boxd.it/28xA
2021-11-06,Akudama Drive,2020,https://boxd.it/sBzM
2021-11-09,Psycho-Pass: The Movie,2015,https://boxd.it/9pi2
2021-11-09,Psycho-Pass: Sinners of the System - Case.3 In the Realm Beyond Is ____,2019,https://boxd.it/ku8y
2021-11-09,Psycho-Pass: Sinners of the System -  Case.1 Crime and Punishment,2019,https://boxd.it/iseq
2021-11-10,Psycho-Pass 3: First Inspector,2020,https://boxd.it/omQq
2021-11-12,The Death of Dick Long,2019,https://boxd.it/kIoA
2021-11-12,Following,1998,https://boxd.it/1Tj4
2021-11-15,The Lost Weekend,1945,https://boxd.it/1pgE
2021-11-20,Weekend at Bernie's,1989,https://boxd.it/204U
2021-11-22,Network,1976,https://boxd.it/1VqG
2021-11-23,Brimstone,2016,https://boxd.it/ayqQ
2021-11-25,To Live and Die in L.A.,1985,https://boxd.it/1XFo
2021-11-25,The Lady Eve,1941,https://boxd.it/25LY
2021-11-26,John Wick,2014,https://boxd.it/7dEc
2021-11-27,Collateral,2004,https://boxd.it/28F0
2021-11-28,Red Notice,2021,https://boxd.it/ixtq
2021-12-01,Only God Forgives,2013,https://boxd.it/2HBs
2021-12-01,The Driver,1978,https://boxd.it/27jW
2021-12-03,The Place Beyond the Pines,2012,https://boxd.it/3mDu
2021-12-05,6 Underground,2019,https://boxd.it/irU6
2021-12-08,Bad Times at the El Royale,2018,https://boxd.it/fSA2
2021-12-11,Shoot the Piano Player,1960,https://boxd.it/285w
2021-12-12,Atonement,2007,https://boxd.it/24ui
2021-12-14,Black Widow,2021,https://boxd.it/hWV8
2021-12-14,Scott Pilgrim vs. the World,2010,https://boxd.it/1Aq6
2021-12-15,True Romance,1993,https://boxd.it/2aBa
2021-12-18,The Guernsey Literary & Potato Peel Pie Society,2018,https://boxd.it/g68w
2021-12-19,Venom: Let There Be Carnage,2021,https://boxd.it/llco
2022-01-01,RockNRolla,2008,https://boxd.it/1PmI
2022-01-05,Don't Look Up,2021,https://boxd.it/o0Hc
2022-01-09,Palm Springs,2020,https://boxd.it/lCXQ
2022-01-16,Double Indemnity,1944,https://boxd.it/297I
2022-01-17,This Gun for Hire,1942,https://boxd.it/1JL8
2022-01-23,The Apartment,1960,https://boxd.it/2aGE
2022-01-25,Sullivan's Travels,1941,https://boxd.it/1Ko0
2022-01-28,Cashback,2006,https://boxd.it/1Sf6
2022-01-28,Being John Malkovich,1999,https://boxd.it/2ahu
2022-01-30,The Glass Key,1942,https://boxd.it/1J9I
2022-01-30,The Jacket,2005,https://boxd.it/1Y6a
2022-02-02,The Social Dilemma,2020,https://boxd.it/opQI
2022-02-04,The Hudsucker Proxy,1994,https://boxd.it/1SJA
2022-02-04,The Crow,1994,https://boxd.it/1Yxq
2022-02-05,The Last Duel,2021,https://boxd.it/mQbe
2022-02-05,The Machinist,2004,https://boxd.it/248c
2022-02-05,To Have and Have Not,1944,https://boxd.it/1Am4
2022-02-08,The Great Hack,2019,https://boxd.it/kL8g
2022-02-09,The Maltese Falcon,1941,https://boxd.it/29c4
2022-02-10,Navalny,2022,https://boxd.it/yV2g
2022-02-12,The Big Sleep,1946,https://boxd.it/29iQ
2022-02-12,Star Trek Into Darkness,2013,https://boxd.it/uYE
2022-02-12,Dark Shadows,2012,https://boxd.it/bQ2
2022-02-14,Throne of Blood,1957,https://boxd.it/251w
2022-02-15,The Asphalt Jungle,1950,https://boxd.it/1Jrs
2022-02-15,13 Assassins,2010,https://boxd.it/jqc
2022-02-16,The Running Man,1987,https://boxd.it/29q6
2022-02-17,Nobody,2021,https://boxd.it/mLqS
2022-02-19,The Treasure of the Sierra Madre,1948,https://boxd.it/25Lk
2022-02-21,Eternals,2021,https://boxd.it/j36o
2022-02-27,Road to Perdition,2002,https://boxd.it/24Lo
2022-02-27,I Saw the Devil,2010,https://boxd.it/FaK
2022-03-09,The Elusive Revengers,1966,https://boxd.it/Y2K
2022-03-12,"Yesterday, Today and Tomorrow",1963,https://boxd.it/VZE
2022-03-13,Strange Days,1995,https://boxd.it/2aGO
2022-03-14,THX 1138,1971,https://boxd.it/29Ww
2022-03-16,Akira,1988,https://boxd.it/2b1i
2022-03-17,Dark City,1998,https://boxd.it/26uk
2022-03-18,Spider-Man: No Way Home,2021,https://boxd.it/nwRw
2022-03-20,True Grit,2010,https://boxd.it/Sog
2022-03-22,The Long Goodbye,1973,https://boxd.it/281O
2022-03-25,A Serious Man,2009,https://boxd.it/1RFW
2022-03-26,The Thin Red Line,1998,https://boxd.it/1ZTM
2022-03-28,Chopper,2000,https://boxd.it/1YtI
2022-03-29,The Man from U.N.C.L.E.,2015,https://boxd.it/67lG
2022-03-30,Sabrina,1954,https://boxd.it/21tc
2022-04-02,Darkest Hour,2017,https://boxd.it/dZZa
2022-04-06,Judgment at Nuremberg,1961,https://boxd.it/29xc
2022-04-07,Witness for the Prosecution,1957,https://boxd.it/18H4
2022-04-07,"Sorry, Wrong Number",1948,https://boxd.it/1Bzo
2022-04-09,The Handmaiden,2016,https://boxd.it/948A
2022-04-10,War of the Worlds,2005,https://boxd.it/2bde
2022-04-10,Lucky Number Slevin,2006,https://boxd.it/2aVu
2022-04-10,The Curious Case of Benjamin Button,2008,https://boxd.it/23Fk
2022-04-11,Killing Them Softly,2012,https://boxd.it/IQ
2022-04-19,The Neon Demon,2016,https://boxd.it/9AnW
2022-04-21,Videodrome,1983,https://boxd.it/29uC
2022-04-22,Gone Girl,2014,https://boxd.it/6hQu
2022-04-25,The Post,2017,https://boxd.it/fTeG
2022-05-03,Roman Holiday,1953,https://boxd.it/29zW
2022-05-05,To Catch a Thief,1955,https://boxd.it/2avm
2022-05-06,The Postman Always Rings Twice,1946,https://boxd.it/1ve0
2022-05-08,Dark Waters,2019,https://boxd.it/kaYu
2022-05-11,The Batman,2022,https://boxd.it/eDGs
2022-05-12,Them!,1954,https://boxd.it/1UI0
2022-05-13,Thief,1981,https://boxd.it/1TEc
2022-05-13,No Time to Die,2021,https://boxd.it/cPX2
2022-05-16,Stoker,2013,https://boxd.it/34S2
2022-05-17,Big Fish,2003,https://boxd.it/2a3M
2022-05-20,Great Expectations,2012,https://boxd.it/41o6
2022-05-23,Everything Everywhere All at Once,2022,https://boxd.it/jUk4
2022-05-25,Chip 'n Dale: Rescue Rangers,2022,https://boxd.it/eSk2
2022-06-01,The King's Man,2021,https://boxd.it/h714
2022-06-03,Alita: Battle Angel,2019,https://boxd.it/e0rS
2022-06-06,The Man in the White Suit,1951,https://boxd.it/1gVS
2022-06-08,Shazam!,2019,https://boxd.it/8WBu
2022-06-09,Dog Day Afternoon,1975,https://boxd.it/29bg
2022-06-12,Le Samouraï,1967,https://boxd.it/22ZI
2022-06-13,A Scanner Darkly,2006,https://boxd.it/25jK
2022-06-16,Monty Python and the Holy Grail,1975,https://boxd.it/29GI
2022-06-16,Fear and Loathing in Las Vegas,1998,https://boxd.it/27Xs
2022-06-18,Life of Brian,1979,https://boxd.it/2a4q
2022-06-24,"One, Two, Three",1961,https://boxd.it/2ap4
2022-06-26,The Meaning of Life,1983,https://boxd.it/249E
2022-07-11,The Seven Year Itch,1955,https://boxd.it/1VIK
2022-07-13,Baby Driver,2017,https://boxd.it/bhF2
2022-07-22,1987: When the Day Comes,2017,https://boxd.it/fwdq
2022-07-30,The Bad Guys,2022,https://boxd.it/nkg4
2022-08-02,Doctor Strange in the Multiverse of Madness,2022,https://boxd.it/gaTc
2022-08-04,Top Gun,1986,https://boxd.it/29JC
2022-08-04,Hero,2002,https://boxd.it/2bcq
