Date,Name,Year,Letterboxd URI
2019-11-18,Cassandra's Dream,2007,https://boxd.it/23PY
2020-03-09,Frozen II,2019,https://boxd.it/aPvo
2020-05-30,War,2002,https://boxd.it/2U1W
2020-06-18,Out of the Past,1947,https://boxd.it/29PK
2020-07-17,Sleepless in Seattle,1993,https://boxd.it/29re
2020-08-19,Sid & Nancy,1986,https://boxd.it/1N6e
2020-10-06,The Age of Shadows,2016,https://boxd.it/cruq
2020-10-08,An Unfinished Piece for Player Piano,1977,https://boxd.it/154o
2020-10-17,American Radical,,https://boxd.it/jdpA
2020-10-21,The Pink Panther,1963,https://boxd.it/29eO
2020-10-21,A Shot in the Dark,1964,https://boxd.it/28w8
2020-10-21,The Return of the Pink Panther,1975,https://boxd.it/1SXi
2020-10-30,The Mummy,2017,https://boxd.it/8HnW
2020-12-18,High and Low,1963,https://boxd.it/1RSc
2020-12-26,The Godfather,1972,https://boxd.it/2aNK
2020-12-31,Limelight,1952,https://boxd.it/1osa
2020-12-31,The Haunted House,1921,https://boxd.it/BAO
2020-12-31,The Cameraman,1928,https://boxd.it/1jag
2020-12-31,The Kid,1921,https://boxd.it/1X5U
2021-01-08,Be Cool,2005,https://boxd.it/248w
2021-01-11,On the Waterfront,1954,https://boxd.it/29TC
2021-01-18,The Dig,2021,https://boxd.it/jo2i
2021-02-04,Live Die Repeat and Repeat,,https://boxd.it/f20Q
2021-02-08,The Beguiled,2017,https://boxd.it/dZ1k
2021-03-12,No Name on the Bullet,1959,https://boxd.it/A48
2021-04-26,La La Land,2016,https://boxd.it/a5fa
2021-04-26,The Adventures of Baron Munchausen,1988,https://boxd.it/1NXs
2021-05-11,My Darling Clementine,1946,https://boxd.it/25LE
2021-06-08,The General,1926,https://boxd.it/29co
2021-06-11,Free Guy,2021,https://boxd.it/k8dm
2021-06-13,Code 8,2019,https://boxd.it/gu9o
2021-06-20,Soldier,1998,https://boxd.it/1YIo
2021-06-29,Multiplicity,1996,https://boxd.it/1Z16
2021-07-07,"Run, Fatboy, Run",2007,https://boxd.it/20K2
2021-07-28,Amarcord,1973,https://boxd.it/20NA
2021-08-03,City of Women,1980,https://boxd.it/1SJg
2021-09-22,Fantastic Beasts: The Secrets of Dumbledore,2022,https://boxd.it/bg8Q
2021-09-23,Ip Man 2,2010,https://boxd.it/18gs
2021-10-01,Warcraft,2016,https://boxd.it/2czK
2021-10-01,Rogue Trooper,,https://boxd.it/jwg8
2021-10-12,Beowulf,2007,https://boxd.it/26Xw
2021-10-14,Glass Onion: A Knives Out Mystery,2022,https://boxd.it/oCkK
2021-10-19,Klaus,2019,https://boxd.it/ipoi
2021-10-22,Uncharted,2022,https://boxd.it/b5Dy
2021-11-12,From Hell,2001,https://boxd.it/29FK
2021-11-13,Big Deal on Madonna Street,1958,https://boxd.it/1xLq
2021-11-27,The Boondock Saints II: All Saints Day,2009,https://boxd.it/1A0i
2021-11-29,Moonlight,2016,https://boxd.it/d6bE
2021-12-03,Stolen Kisses,1968,https://boxd.it/2aL0
2021-12-14,Antoine and Colette,1962,https://boxd.it/2aKQ
2021-12-14,The Tree of Life,2011,https://boxd.it/1Zu8
2021-12-31,The Suicide Squad,2021,https://boxd.it/fw6O
2022-02-04,Death on the Nile,2022,https://boxd.it/ifpg
2022-02-09,The Roaring Twenties,1939,https://boxd.it/17J4
2022-02-14,Payne & Redemption,2022,https://boxd.it/irF6
2022-02-16,Rurouni Kenshin Part I: Origins,2012,https://boxd.it/4aIO
2022-02-20,365: Repeat the Year,2020,https://boxd.it/uVUk
2022-02-21,Nomadland,2020,https://boxd.it/lnRy
2022-03-13,"Duck, You Sucker",1971,https://boxd.it/2ayU
2022-03-18,Okja,2017,https://boxd.it/dvXe
2022-03-26,Gentlemen Prefer Blondes,1953,https://boxd.it/29Hc
2022-03-28,Breakfast at Tiffany's,1961,https://boxd.it/2aYS
2022-04-10,Perfect Blue,1997,https://boxd.it/1W7A
2022-04-10,Platform,2000,https://boxd.it/2O0S
2022-04-10,Still Life,2006,https://boxd.it/26Tk
2022-04-22,The Terminal,2004,https://boxd.it/2a2O
2022-05-20,The New World,2005,https://boxd.it/1TVW
2022-05-20,Miss Julie,2014,https://boxd.it/6MRo
2022-05-30,X-Men: First Class,2011,https://boxd.it/FOA
2022-06-01,The Thirteenth Floor,1999,https://boxd.it/294Y
2022-06-02,Top Gun: Maverick,2022,https://boxd.it/cjr4
2022-06-09,Love in the Afternoon,1957,https://boxd.it/1HcK
2022-06-10,The Guest,2014,https://boxd.it/76RS
2022-06-13,The Insider,1999,https://boxd.it/1ZoE
2022-06-14,Wayne's World,1992,https://boxd.it/1ZHG
2022-06-18,And Now for Something Completely Different,1971,https://boxd.it/1Z74
2022-07-07,Angels with Dirty Faces,1938,https://boxd.it/1PBI
2022-07-07,Investigation of a Citizen Above Suspicion,1970,https://boxd.it/1tRY
2022-07-07,It Happened One Night,1934,https://boxd.it/25Ng
2022-07-13,Baby Driver 2,,https://boxd.it/niLk
2022-07-26,Dungeons & Dragons: Honor Among Thieves,2023,https://boxd.it/hN1A
2022-07-26,Mission: Impossible - Dead Reckoning Part One,2023,https://boxd.it/l7zS
2022-08-02,Le Cercle Rouge,1970,https://boxd.it/1Tjy
2022-08-02,Purple Noon,1960,https://boxd.it/1WrU
