﻿Date,Name,Year,Letterboxd URI,Rating
2019-06-27,Good_film_1,1950,https://boxd.it/link,5.0
2019-07-27,Good_film_2,1950,https://boxd.it/link,4.5
2019-08-27,Good_film_3,1950,https://boxd.it/link,4.5
2020-06-27,Good_film_4,1950,https://boxd.it/link,4.0
2020-07-27,Good_film_5,1950,https://boxd.it/link,4.0
2020-08-27,Normal_film,1950,https://boxd.it/link,3.5
2021-09-27,Bad_film_1,1950,https://boxd.it/link,2.5
2021-10-27,Bad_film_2,1950,https://boxd.it/link,2.5
2021-11-27,Bad_film_3,1950,https://boxd.it/link,2.0
2021-12-27,Bad_film_4,1950,https://boxd.it/link,2.0
2021-12-28,Bad_film_5,1950,https://boxd.it/link,1.5