﻿Date,Name,Year,Letterboxd URI
2019-06-27,Good_film_1,1950,https://boxd.it/link
2019-07-27,Good_film_2,1950,https://boxd.it/link
2019-08-27,Good_film_3,1950,https://boxd.it/link
2020-09-27,Good_film_4,1950,https://boxd.it/link
2020-09-27,Good_film_5,1950,https://boxd.it/link
2020-10-27,Normal_film,1950,https://boxd.it/link
2021-08-27,Bad_film_1,1950,https://boxd.it/link
2021-08-27,Bad_film_2,1950,https://boxd.it/link
2021-09-27,Bad_film_3,1950,https://boxd.it/link
2021-09-27,Bad_film_4,1950,https://boxd.it/link
2021-12-27,Bad_film_5,1950,https://boxd.it/link