
Date,Name,Tags,URL,Description
2020-11-13,Asian stuff,,https://boxd.it/9bs9k,

Position,Name,Year,URL,Description
1,Ash Is Purest White,2018,https://boxd.it/fH5C,
2,Tokyo Story,1953,https://boxd.it/1HuY,
3,Oldboy,2003,https://boxd.it/29R2,
4,"The Good, The Bad, The Weird",2008,https://boxd.it/1MSG,
5,Kung Fu Hustle,2004,https://boxd.it/1YBi,
6,Raise the Red Lantern,1991,https://boxd.it/1WlC,
7,House of Flying Daggers,2004,https://boxd.it/1YoI,
8,"Crouching Tiger, Hidden Dragon",2000,https://boxd.it/2b1M,
9,Train to Busan,2016,https://boxd.it/dSQU,
10,Snowpiercer,2013,https://boxd.it/3Icg,
11,A Bittersweet Life,2005,https://boxd.it/1U4Y,
12,Seven Samurai,1954,https://boxd.it/2axi,
13,Parasite,2019,https://boxd.it/hTha,
14,Yojimbo,1961,https://boxd.it/1SRY,
15,Sanjuro,1962,https://boxd.it/1TaQ,
16,Harakiri,1962,https://boxd.it/1NTU,
17,Ghost in the Shell,1995,https://boxd.it/1YYc,
18,Gantz:O,2016,https://boxd.it/dRTI,
19,Reign of Assassins,2010,https://boxd.it/SOS,
20,Drunken Angel,1948,https://boxd.it/1uYQ,
21,Ip Man,2008,https://boxd.it/1NrQ,
22,Ghost in the Shell 2: Innocence,2004,https://boxd.it/1SrG,
23,Psycho-Pass: The Movie,2015,https://boxd.it/9pi2,
24,Psycho-Pass: Sinners of the System - Case.3 In the Realm Beyond Is ____,2019,https://boxd.it/ku8y,
25,Psycho-Pass: Sinners of the System -  Case.1 Crime and Punishment,2019,https://boxd.it/iseq,
26,Psycho-Pass 3: First Inspector,2020,https://boxd.it/omQq,
27,Throne of Blood,1957,https://boxd.it/251w,
28,13 Assassins,2010,https://boxd.it/jqc,
29,I Saw the Devil,2010,https://boxd.it/FaK,
30,Akira,1988,https://boxd.it/2b1i,
31,The Handmaiden,2016,https://boxd.it/948A,
32,1987: When the Day Comes,2017,https://boxd.it/fwdq,
33,Hero,2002,https://boxd.it/2bcq,
