
Date,Name,Tags,URL,Description
2019-06-27,I've liked it,,https://boxd.it/3DTAk,

Position,Name,Year,URL,Description
1,Brokeback Mountain,2005,https://boxd.it/2b2q,
2,The Bucket List,2007,https://boxd.it/20Ye,
3,Taxi Driver,1976,https://boxd.it/2b8y,
4,Knockin' on Heaven's Door,1997,https://boxd.it/2aZQ,
5,Léon: The Professional,1994,https://boxd.it/2b8S,
6,King Arthur: Legend of the Sword,2017,https://boxd.it/8lDS,
7,The Ballad of Buster Scruggs,2018,https://boxd.it/jB2q,
8,Trainspotting,1996,https://boxd.it/29XY,
9,The Fisher King,1991,https://boxd.it/2aWM,
10,Eyes Wide Shut,1999,https://boxd.it/2axs,
11,Les Misérables,2012,https://boxd.it/2TT4,
12,Full Metal Jacket,1987,https://boxd.it/2a1Q,
13,Dallas Buyers Club,2013,https://boxd.it/4O8G,
14,Blade Runner 2049,2017,https://boxd.it/b8wK,
15,Source Code,2011,https://boxd.it/fdo,
16,Catch Me If You Can,2002,https://boxd.it/29VS,
17,A.I. Artificial Intelligence,2001,https://boxd.it/29Ve,
18,The Great Race,1965,https://boxd.it/1TvY,
19,Dunkirk,2017,https://boxd.it/d0Y6,
20,Dead Poets Society,1989,https://boxd.it/2aSg,
21,The Grand Budapest Hotel,2014,https://boxd.it/3ZqO,
22,The Irishman,2019,https://boxd.it/dYOq,
23,Parasite,2019,https://boxd.it/hTha,
24,A Beautiful Mind,2001,https://boxd.it/2amk,
25,Ex Machina,2015,https://boxd.it/7T2k,
26,Blade Runner,1982,https://boxd.it/2bcA,
27,Nineteen Eighty-Four,1984,https://boxd.it/1YZE,
28,Jojo Rabbit,2019,https://boxd.it/iEBG,
29,Paths of Glory,1957,https://boxd.it/29b6,
30,The Mexican,2001,https://boxd.it/226y,
31,"The Good, the Bad and the Ugly",1966,https://boxd.it/2ape,
32,The World's End,2013,https://boxd.it/3EiO,
33,Swiss Army Man,2016,https://boxd.it/bDG2,
34,Phone Booth,2002,https://boxd.it/285G,
35,For a Few Dollars More,1965,https://boxd.it/29eu,
36,A Fistful of Dollars,1964,https://boxd.it/2auo,
37,"The Good, The Bad, The Weird",2008,https://boxd.it/1MSG,
38,Once Upon a Time in America,1984,https://boxd.it/2aCs,
39,Kiss Kiss Bang Bang,2005,https://boxd.it/23c8,
40,Good Will Hunting,1997,https://boxd.it/2ahY,
41,Walk the Line,2005,https://boxd.it/2bdS,
42,Split,2016,https://boxd.it/dgSy,
43,Atomic Blonde,2017,https://boxd.it/blDk,
44,The Great Dictator,1940,https://boxd.it/29ic,
45,Ready Player One,2018,https://boxd.it/aZes,
46,The King's Speech,2010,https://boxd.it/dX0,
47,Dr. Strangelove or: How I Learned to Stop Worrying and Love the Bomb,1964,https://boxd.it/29eY,
48,Stalker,1979,https://boxd.it/28PO,
49,Brother 2,2000,https://boxd.it/1CzY,
50,Bone Tomahawk,2015,https://boxd.it/9kiw,
51,Blood Simple,1984,https://boxd.it/1U16,
52,Kiss Me Deadly,1955,https://boxd.it/1HHe,
53,Nightcrawler,2014,https://boxd.it/780m,
54,Kung Fu Hustle,2004,https://boxd.it/1YBi,
55,No Country for Old Men,2007,https://boxd.it/21ew,
56,Schindler's List,1993,https://boxd.it/2aq2,
57,Starship Troopers,1997,https://boxd.it/2a7k,
58,Venom,2018,https://boxd.it/b8wA,
59,Sin City: A Dame to Kill For,2014,https://boxd.it/2aV0,
60,Mamma Mia!,2008,https://boxd.it/1Tnq,
61,The Wolf of Wall Street,2013,https://boxd.it/3C1m,
62,The Dictator,2012,https://boxd.it/2DEW,
63,Dark Shadows,2012,https://boxd.it/bQ2,
64,Grimsby,2016,https://boxd.it/7ZkO,
65,House of Flying Daggers,2004,https://boxd.it/1YoI,
66,"Crouching Tiger, Hidden Dragon",2000,https://boxd.it/2b1M,
67,"How Viktor ""The Garlic"" Took Alexey ""The Stud"" to the Nursing Home",2017,https://boxd.it/gHdS,
68,The Lady from Shanghai,1947,https://boxd.it/251Q,
69,Train to Busan,2016,https://boxd.it/dSQU,
70,Snowpiercer,2013,https://boxd.it/3Icg,
71,Mission: Impossible - Fallout,2018,https://boxd.it/bSVc,
72,Zodiac,2007,https://boxd.it/27MO,
73,The Time Traveler's Wife,2009,https://boxd.it/1xH4,
74,Borat: Cultural Learnings of America for Make Benefit Glorious Nation of Kazakhstan,2006,https://boxd.it/2agQ,
75,Seven Samurai,1954,https://boxd.it/2axi,
76,Warm Bodies,2013,https://boxd.it/2TFm,
77,Moonrise Kingdom,2012,https://boxd.it/2Wng,
78,Inherent Vice,2014,https://boxd.it/5hla,
79,Sanjuro,1962,https://boxd.it/1TaQ,
80,Tenet,2020,https://boxd.it/leq4,
81,Barry Lyndon,1975,https://boxd.it/25A2,
82,Bruce Almighty,2003,https://boxd.it/2aCC,
83,Bookies,2003,https://boxd.it/1Nrm,
84,Batman Begins,2005,https://boxd.it/2aIg,
85,The Dark Knight Rises,2012,https://boxd.it/H3m,
86,The Imitation Game,2014,https://boxd.it/6aig,
87,Vanilla Sky,2001,https://boxd.it/27TK,
88,American Psycho,2000,https://boxd.it/28Vs,
89,Gantz:O,2016,https://boxd.it/dRTI,
90,Body Heat,1981,https://boxd.it/1O9S,
91,Moulin Rouge!,2001,https://boxd.it/29wI,
92,Ad Astra,2019,https://boxd.it/ePzI,
93,The Big Short,2015,https://boxd.it/ajZw,
94,Reign of Assassins,2010,https://boxd.it/SOS,
95,The 400 Blows,1959,https://boxd.it/2b1C,
96,The Current War,2017,https://boxd.it/eNvO,
97,Anthropoid,2016,https://boxd.it/bOr8,
98,Life Is Beautiful,1997,https://boxd.it/29Wm,
99,The Truman Show,1998,https://boxd.it/18U8,
100,Gattaca,1997,https://boxd.it/29Du,
101,Spotlight,2015,https://boxd.it/a84k,
102,We Bare Bears: The Movie,2020,https://boxd.it/pg7m,
103,The 10th Victim,1965,https://boxd.it/38w,
104,The Organizer,1963,https://boxd.it/Cas,
105,Star Trek Into Darkness,2013,https://boxd.it/uYE,
106,Star Trek Beyond,2016,https://boxd.it/5Ik4,
107,Mute,2018,https://boxd.it/e6nW,
108,GoodFellas,1990,https://boxd.it/29FA,
109,The Man Who Wasn't There,2001,https://boxd.it/1Vqc,
110,Fury,2014,https://boxd.it/6JwC,
111,Mank,2020,https://boxd.it/mIuC,
112,Ip Man,2008,https://boxd.it/1NrQ,
113,Moon,2009,https://boxd.it/1IGQ,
114,The Ghost and the Darkness,1996,https://boxd.it/1VTe,
115,Judge Dredd,1995,https://boxd.it/1Yzm,
116,Dead Men Don't Wear Plaid,1982,https://boxd.it/1YFE,
117,Little Women,2019,https://boxd.it/aSVk,
118,Running on Empty,1988,https://boxd.it/1How,
119,Dune,2021,https://boxd.it/fA7G,
120,X-Men: Days of Future Past,2014,https://boxd.it/4aRw,
121,It's a Wonderful Life,1946,https://boxd.it/28xA,
122,Psycho-Pass: Sinners of the System - Case.3 In the Realm Beyond Is ____,2019,https://boxd.it/ku8y,
123,Psycho-Pass 3: First Inspector,2020,https://boxd.it/omQq,
124,Psycho-Pass: Sinners of the System -  Case.1 Crime and Punishment,2019,https://boxd.it/iseq,
125,Following,1998,https://boxd.it/1Tj4,
126,Weekend at Bernie's,1989,https://boxd.it/204U,
127,John Wick,2014,https://boxd.it/7dEc,
128,Red Notice,2021,https://boxd.it/ixtq,
129,Only God Forgives,2013,https://boxd.it/2HBs,
130,The Driver,1978,https://boxd.it/27jW,
131,Bad Times at the El Royale,2018,https://boxd.it/fSA2,
132,The Guernsey Literary & Potato Peel Pie Society,2018,https://boxd.it/g68w,
133,True Romance,1993,https://boxd.it/2aBa,
134,Don't Look Up,2021,https://boxd.it/o0Hc,
135,Palm Springs,2020,https://boxd.it/lCXQ,
136,The Apartment,1960,https://boxd.it/2aGE,
137,This Gun for Hire,1942,https://boxd.it/1JL8,
138,The Glass Key,1942,https://boxd.it/1J9I,
139,The Last Duel,2021,https://boxd.it/mQbe,
140,The Maltese Falcon,1941,https://boxd.it/29c4,
141,Navalny,2022,https://boxd.it/yV2g,
142,The Big Sleep,1946,https://boxd.it/29iQ,
143,The Asphalt Jungle,1950,https://boxd.it/1Jrs,
144,The Running Man,1987,https://boxd.it/29q6,
145,Nobody,2021,https://boxd.it/mLqS,
146,The Treasure of the Sierra Madre,1948,https://boxd.it/25Lk,
147,Strange Days,1995,https://boxd.it/2aGO,
148,Great Expectations,2012,https://boxd.it/41o6,
149,Dark City,1998,https://boxd.it/26uk,
150,Spider-Man: No Way Home,2021,https://boxd.it/nwRw,
151,True Grit,2010,https://boxd.it/Sog,
152,The Thin Red Line,1998,https://boxd.it/1ZTM,
153,Judgment at Nuremberg,1961,https://boxd.it/29xc,
154,Witness for the Prosecution,1957,https://boxd.it/18H4,
155,The Handmaiden,2016,https://boxd.it/948A,
156,Killing Them Softly,2012,https://boxd.it/IQ,
157,The Post,2017,https://boxd.it/fTeG,
158,Roman Holiday,1953,https://boxd.it/29zW,
159,To Catch a Thief,1955,https://boxd.it/2avm,
160,Dark Waters,2019,https://boxd.it/kaYu,
