
Date,Name,Tags,URL,Description
2019-06-02,"Not best, but close",,https://boxd.it/2ZKkC,

Position,Name,Year,URL,Description
1,Joker,2019,https://boxd.it/h4cS,
2,Inception,2010,https://boxd.it/1skk,
3,October Sky,1999,https://boxd.it/1Q7u,
4,Drive,2011,https://boxd.it/IG,
5,Bohemian Rhapsody,2018,https://boxd.it/f1TK,
6,The Big Lebowski,1998,https://boxd.it/2b6C,
7,Spider-Man: Into the Spider-Verse,2018,https://boxd.it/azpY,
8,T2 Trainspotting,2017,https://boxd.it/5vTA,
9,Jesus Christ Superstar,1973,https://boxd.it/1RK8,
10,Some Like It Hot,1959,https://boxd.it/2aNA,
11,Legend,2015,https://boxd.it/8qZY,
12,Looper,2012,https://boxd.it/ham,
13,Ash Is Purest White,2018,https://boxd.it/fH5C,
14,Brick,2005,https://boxd.it/1Z6A,
15,Motherless Brooklyn,2019,https://boxd.it/ieJk,
16,1917,2019,https://boxd.it/jj4y,
17,Knives Out,2019,https://boxd.it/jWEA,
18,Reservoir Dogs,1992,https://boxd.it/2agc,
19,"Lock, Stock and Two Smoking Barrels",1998,https://boxd.it/2b92,
20,Bicentennial Man,1999,https://boxd.it/2722,
21,Limitless,2011,https://boxd.it/Aly,
22,The Gentlemen,2019,https://boxd.it/iYBQ,
23,Saving Private Ryan,1998,https://boxd.it/29ro,
24,Renaissance,2006,https://boxd.it/1YO2,
25,Brother,1997,https://boxd.it/1CA8,
26,Ace in the Hole,1951,https://boxd.it/1vXk,
27,Prisoners,2013,https://boxd.it/4E5i,
28,Children of Men,2006,https://boxd.it/1Y2i,
29,Sin City,2005,https://boxd.it/2aVk,
30,The Departed,2006,https://boxd.it/28MA,
31,In Bruges,2008,https://boxd.it/20n8,
32,Lawless,2012,https://boxd.it/2TIK,
33,The Fifth Element,1997,https://boxd.it/71k,
34,Oblivion,2013,https://boxd.it/2Bzq,
35,Cloud Atlas,2012,https://boxd.it/2W60,
36,"Hail, Caesar!",2016,https://boxd.it/881G,
37,A Bittersweet Life,2005,https://boxd.it/1U4Y,
38,Bridge to Terabithia,2007,https://boxd.it/28YG,
39,Kin-dza-dza!,1986,https://boxd.it/1CMS,
40,Silver Linings Playbook,2012,https://boxd.it/2TTo,
41,Mutiny on the Bounty,1935,https://boxd.it/1S5K,
42,Yojimbo,1961,https://boxd.it/1SRY,
43,Spider-Man: Far From Home,2019,https://boxd.it/fegG,
44,Casablanca,1942,https://boxd.it/2aG0,
45,The Adventures of Tintin,2011,https://boxd.it/1Irc,
46,Inglourious Basterds,2009,https://boxd.it/1JzG,
47,Django Unchained,2012,https://boxd.it/2cCk,
48,The Hateful Eight,2015,https://boxd.it/8gw8,
49,Kill Bill: The Whole Bloody Affair,2011,https://boxd.it/eCrQ,
50,The Prestige,2006,https://boxd.it/293w,
51,The Dark Knight,2008,https://boxd.it/2b0k,
52,Ocean's Eleven,2001,https://boxd.it/2aZm,
53,Edge of Tomorrow,2014,https://boxd.it/4pD0,
54,L.A. Confidential,1997,https://boxd.it/27oC,
55,The Nice Guys,2016,https://boxd.it/94Hg,
56,What We Do in the Shadows,2014,https://boxd.it/7eQy,
57,Once Upon a Time in the West,1968,https://boxd.it/2az4,
58,Fail Safe,1964,https://boxd.it/2afS,
59,All the President's Men,1976,https://boxd.it/29lU,
60,"O Brother, Where Art Thou?",2000,https://boxd.it/2b3I,
61,Devil in a Blue Dress,1995,https://boxd.it/204A,
62,Apocalypse Now,1979,https://boxd.it/6ZS,
63,Star Trek,2009,https://boxd.it/1Q6c,
64,Revolver,2005,https://boxd.it/1VeA,
65,Jules and Jim,1962,https://boxd.it/28rM,
66,Invasion of the Body Snatchers,1956,https://boxd.it/1TAa,
67,Cypher,2002,https://boxd.it/1X0A,
68,Ghost in the Shell 2: Innocence,2004,https://boxd.it/1SrG,
69,Filth,2013,https://boxd.it/32NY,
70,Predestination,2014,https://boxd.it/6bJM,
71,Akudama Drive,2020,https://boxd.it/sBzM,
72,The Mitchells vs. The Machines,2021,https://boxd.it/i7xm,
73,Scott Pilgrim vs. the World,2010,https://boxd.it/1Aq6,
74,Shoot the Piano Player,1960,https://boxd.it/285w,
75,RockNRolla,2008,https://boxd.it/1PmI,
76,Double Indemnity,1944,https://boxd.it/297I,
77,Sullivan's Travels,1941,https://boxd.it/1Ko0,
78,The Hudsucker Proxy,1994,https://boxd.it/1SJA,
79,To Have and Have Not,1944,https://boxd.it/1Am4,
80,13 Assassins,2010,https://boxd.it/jqc,
81,"Yesterday, Today and Tomorrow",1963,https://boxd.it/VZE,
82,Akira,1988,https://boxd.it/2b1i,
83,The Man from U.N.C.L.E.,2015,https://boxd.it/67lG,
84,War of the Worlds,2005,https://boxd.it/2bde,
85,The Curious Case of Benjamin Button,2008,https://boxd.it/23Fk,
86,Big Fish,2003,https://boxd.it/2a3M,
87,Sabrina,1954,https://boxd.it/21tc,
88,The Postman Always Rings Twice,1946,https://boxd.it/1ve0,
89,A Scanner Darkly,2006,https://boxd.it/25jK,
90,Fear and Loathing in Las Vegas,1998,https://boxd.it/27Xs,
