
Date,Name,Tags,URL,Description
2019-08-07,Old,,https://boxd.it/3NKUg,

Position,Name,Year,URL,Description
1,Sunset Boulevard,1950,https://boxd.it/2a20,
2,Taxi Driver,1976,https://boxd.it/2b8y,
3,Chinatown,1974,https://boxd.it/29vU,
4,Casablanca,1942,https://boxd.it/2aG0,
5,Jesus Christ Superstar,1973,https://boxd.it/1RK8,
6,Scarface,1983,https://boxd.it/2b7g,
7,Citizen Kane,1941,https://boxd.it/71O,
8,Some Like It Hot,1959,https://boxd.it/2aNA,
9,The Great Race,1965,https://boxd.it/1TvY,
10,Full Metal Jacket,1987,https://boxd.it/2a1Q,
11,12 Angry Men,1957,https://boxd.it/2auI,
12,2001: A Space Odyssey,1968,https://boxd.it/2bf0,
13,Tokyo Story,1953,https://boxd.it/1HuY,
14,Paths of Glory,1957,https://boxd.it/29b6,
15,"The Good, the Bad and the Ugly",1966,https://boxd.it/2ape,
16,For a Few Dollars More,1965,https://boxd.it/29eu,
17,A Fistful of Dollars,1964,https://boxd.it/2auo,
18,Once Upon a Time in America,1984,https://boxd.it/2aCs,
19,Blade Runner,1982,https://boxd.it/2bcA,
20,Nineteen Eighty-Four,1984,https://boxd.it/1YZE,
21,One Flew Over the Cuckoo's Nest,1975,https://boxd.it/2aeA,
22,The Killing,1956,https://boxd.it/2aMi,
23,The Great Dictator,1940,https://boxd.it/29ic,
24,Dr. Strangelove or: How I Learned to Stop Worrying and Love the Bomb,1964,https://boxd.it/29eY,
25,Solaris,1972,https://boxd.it/2a2Y,
26,Stalker,1979,https://boxd.it/28PO,
27,Kiss Me Deadly,1955,https://boxd.it/1HHe,
28,Ace in the Hole,1951,https://boxd.it/1vXk,
29,The Lady from Shanghai,1947,https://boxd.it/251Q,
30,A Clockwork Orange,1971,https://boxd.it/2aVE,
31,Lolita,1962,https://boxd.it/29Ag,
32,Seven Samurai,1954,https://boxd.it/2axi,
33,Spartacus,1960,https://boxd.it/29bq,
34,Mutiny on the Bounty,1935,https://boxd.it/1S5K,
35,Yojimbo,1961,https://boxd.it/1SRY,
36,Sanjuro,1962,https://boxd.it/1TaQ,
37,Barry Lyndon,1975,https://boxd.it/25A2,
38,Kin-dza-dza!,1986,https://boxd.it/1CMS,
39,Harakiri,1962,https://boxd.it/1NTU,
40,All the King's Men,1949,https://boxd.it/1vQI,
41,Metropolis,1927,https://boxd.it/71a,
42,Psycho,1960,https://boxd.it/2ab2,
43,Body Heat,1981,https://boxd.it/1O9S,
44,Catch-22,1970,https://boxd.it/1WrK,
45,Once Upon a Time in the West,1968,https://boxd.it/2az4,
46,The 400 Blows,1959,https://boxd.it/2b1C,
47,Forbidden Planet,1956,https://boxd.it/29vK,
48,The Man Who Shot Liberty Valance,1962,https://boxd.it/1Tdg,
49,Stagecoach,1939,https://boxd.it/297S,
50,Fail Safe,1964,https://boxd.it/2afS,
51,All the President's Men,1976,https://boxd.it/29lU,
52,Apocalypse Now,1979,https://boxd.it/6ZS,
53,The Gold Rush,1925,https://boxd.it/29ce,
54,Drunken Angel,1948,https://boxd.it/1uYQ,
55,8½,1963,https://boxd.it/2aqm,
56,The 10th Victim,1965,https://boxd.it/38w,
57,Fahrenheit 451,1966,https://boxd.it/28fw,
58,The Organizer,1963,https://boxd.it/Cas,
59,Jules and Jim,1962,https://boxd.it/28rM,
60,The Verdict,1982,https://boxd.it/1y3Y,
61,La Notte,1961,https://boxd.it/10iU,
62,Invasion of the Body Snatchers,1956,https://boxd.it/1TAa,
63,Dead Men Don't Wear Plaid,1982,https://boxd.it/1YFE,
64,It's a Wonderful Life,1946,https://boxd.it/28xA,
65,The Lost Weekend,1945,https://boxd.it/1pgE,
66,Network,1976,https://boxd.it/1VqG,
67,To Live and Die in L.A.,1985,https://boxd.it/1XFo,
68,The Lady Eve,1941,https://boxd.it/25LY,
69,The Driver,1978,https://boxd.it/27jW,
70,Shoot the Piano Player,1960,https://boxd.it/285w,
71,The Apartment,1960,https://boxd.it/2aGE,
72,Double Indemnity,1944,https://boxd.it/297I,
73,This Gun for Hire,1942,https://boxd.it/1JL8,
74,Sullivan's Travels,1941,https://boxd.it/1Ko0,
75,The Glass Key,1942,https://boxd.it/1J9I,
76,To Have and Have Not,1944,https://boxd.it/1Am4,
77,The Maltese Falcon,1941,https://boxd.it/29c4,
78,The Big Sleep,1946,https://boxd.it/29iQ,
79,Throne of Blood,1957,https://boxd.it/251w,
80,The Asphalt Jungle,1950,https://boxd.it/1Jrs,
81,The Treasure of the Sierra Madre,1948,https://boxd.it/25Lk,
82,The Elusive Revengers,1966,https://boxd.it/Y2K,
83,"Yesterday, Today and Tomorrow",1963,https://boxd.it/VZE,
84,THX 1138,1971,https://boxd.it/29Ww,
85,The Long Goodbye,1973,https://boxd.it/281O,
86,Sabrina,1954,https://boxd.it/21tc,
87,Judgment at Nuremberg,1961,https://boxd.it/29xc,
88,Witness for the Prosecution,1957,https://boxd.it/18H4,
89,"Sorry, Wrong Number",1948,https://boxd.it/1Bzo,
90,Videodrome,1983,https://boxd.it/29uC,
91,Roman Holiday,1953,https://boxd.it/29zW,
92,To Catch a Thief,1955,https://boxd.it/2avm,
93,The Postman Always Rings Twice,1946,https://boxd.it/1ve0,
94,Them!,1954,https://boxd.it/1UI0,
95,The Man in the White Suit,1951,https://boxd.it/1gVS,
96,Le Samouraï,1967,https://boxd.it/22ZI,
97,Monty Python and the Holy Grail,1975,https://boxd.it/29GI,
98,Life of Brian,1979,https://boxd.it/2a4q,
99,"One, Two, Three",1961,https://boxd.it/2ap4,
100,The Meaning of Life,1983,https://boxd.it/249E,
101,The Seven Year Itch,1955,https://boxd.it/1VIK,
