
Date,Name,Tags,URL,Description
2019-06-02,2019,watchedin2k19,https://boxd.it/2ZKfW,

Position,Name,Year,URL,Description
1,Avengers: Endgame,2019,https://boxd.it/9vE4,
2,Dallas Buyers Club,2013,https://boxd.it/4O8G,
3,Sunset Boulevard,1950,https://boxd.it/2a20,
4,Dead Man,1995,https://boxd.it/29h4,
5,Taxi Driver,1976,https://boxd.it/2b8y,
6,Chinatown,1974,https://boxd.it/29vU,
7,There Will Be Blood,2007,https://boxd.it/20Z2,
8,One Flew Over the Cuckoo's Nest,1975,https://boxd.it/2aeA,
9,Knockin' on Heaven's Door,1997,https://boxd.it/2aZQ,
10,Casablanca,1942,https://boxd.it/2aG0,
11,Valerian and the City of a Thousand Planets,2017,https://boxd.it/biYY,
12,First Man,2018,https://boxd.it/cPym,
13,King Arthur: Legend of the Sword,2017,https://boxd.it/8lDS,
14,Brokeback Mountain,2005,https://boxd.it/2b2q,
15,Léon: The Professional,1994,https://boxd.it/2b8S,
16,Bohemian Rhapsody,2018,https://boxd.it/f1TK,
17,Johnny Mnemonic,1995,https://boxd.it/1XBQ,
18,Fargo,1996,https://boxd.it/2aHM,
19,2001: A Space Odyssey,1968,https://boxd.it/2bf0,
20,The Bucket List,2007,https://boxd.it/20Ye,
21,Secrets of China's Forbidden City,2017,https://boxd.it/gHN2,
22,Catch Me If You Can,2002,https://boxd.it/29VS,
23,The Ballad of Buster Scruggs,2018,https://boxd.it/jB2q,
24,Spider-Man: Into the Spider-Verse,2018,https://boxd.it/azpY,
25,Her,2013,https://boxd.it/4O24,
26,Scarface,1983,https://boxd.it/2b7g,
27,Citizen Kane,1941,https://boxd.it/71O,
28,Burn After Reading,2008,https://boxd.it/23BW,
29,Basic Instinct,1992,https://boxd.it/2asM,
30,The Intouchables,2011,https://boxd.it/2FT0,
31,Wolf,1994,https://boxd.it/1Wn4,
32,Full Metal Jacket,1987,https://boxd.it/2a1Q,
33,"Good Morning, Vietnam",1987,https://boxd.it/29Aq,
34,The Aviator,2004,https://boxd.it/26BU,
35,Dead Poets Society,1989,https://boxd.it/2aSg,
36,The Fisher King,1991,https://boxd.it/2aWM,
37,Minority Report,2002,https://boxd.it/2aWi,
38,Eyes Wide Shut,1999,https://boxd.it/2axs,
39,Venom,2018,https://boxd.it/b8wA,
40,Les Misérables,2012,https://boxd.it/2TT4,
41,12 Angry Men,1957,https://boxd.it/2auI,
42,Ender's Game,2013,https://boxd.it/2N9Y,
43,Joker,2019,https://boxd.it/h4cS,
44,The Mule,2018,https://boxd.it/idcY,
