
Date,Name,Tags,URL,Description
2020-01-12,2020,,https://boxd.it/4zMrw,

Position,Name,Year,URL,Description
1,Parasite,2019,https://boxd.it/hTha,
2,The Informer,2019,https://boxd.it/gGJI,
3,The Irishman,2019,https://boxd.it/dYOq,
4,Once Upon a Time… in Hollywood,2019,https://boxd.it/gH0O,
5,Dragged Across Concrete,2018,https://boxd.it/fAly,
6,Reservoir Dogs,1992,https://boxd.it/2agc,
7,Ash Is Purest White,2018,https://boxd.it/fH5C,
8,The Pianist,2002,https://boxd.it/2aqc,
9,Brick,2005,https://boxd.it/1Z6A,
10,Tokyo Story,1953,https://boxd.it/1HuY,
11,The Shape of Water,2017,https://boxd.it/dZ5m,
12,Oldboy,2003,https://boxd.it/29R2,
13,A Beautiful Mind,2001,https://boxd.it/2amk,
14,Motherless Brooklyn,2019,https://boxd.it/ieJk,
15,Ex Machina,2015,https://boxd.it/7T2k,
16,Blade Runner,1982,https://boxd.it/2bcA,
17,Insomnia,2002,https://boxd.it/2aB0,
18,1917,2019,https://boxd.it/jj4y,
19,The Day the Earth Stood Still,2008,https://boxd.it/1WQ6,
20,Knives Out,2019,https://boxd.it/jWEA,
21,Nineteen Eighty-Four,1984,https://boxd.it/1YZE,
22,Jojo Rabbit,2019,https://boxd.it/iEBG,
23,Paths of Glory,1957,https://boxd.it/29b6,
24,The Mexican,2001,https://boxd.it/226y,
25,"The Good, the Bad and the Ugly",1966,https://boxd.it/2ape,
26,The World's End,2013,https://boxd.it/3EiO,
27,The Favourite,2018,https://boxd.it/d2hI,
28,Mr. Brooks,2007,https://boxd.it/25nW,
29,Interstate 60,2002,https://boxd.it/1DIs,
30,Four Rooms,1995,https://boxd.it/73g,
31,Jackie Brown,1997,https://boxd.it/2aVO,
32,For a Few Dollars More,1965,https://boxd.it/29eu,
33,A Fistful of Dollars,1964,https://boxd.it/2auo,
34,"The Good, The Bad, The Weird",2008,https://boxd.it/1MSG,
35,Once Upon a Time in America,1984,https://boxd.it/2aCs,
36,Zombieland: Double Tap,2019,https://boxd.it/bgb6,
37,Kiss Kiss Bang Bang,2005,https://boxd.it/23c8,
38,The Gentlemen,2019,https://boxd.it/iYBQ,
39,Saving Private Ryan,1998,https://boxd.it/29ro,
40,The Killing,1956,https://boxd.it/2aMi,
41,Good Will Hunting,1997,https://boxd.it/2ahY,
42,Walk the Line,2005,https://boxd.it/2bdS,
43,Split,2016,https://boxd.it/dgSy,
44,Atomic Blonde,2017,https://boxd.it/blDk,
45,The Great Dictator,1940,https://boxd.it/29ic,
46,Renaissance,2006,https://boxd.it/1YO2,
47,Ready Player One,2018,https://boxd.it/aZes,
48,Upgrade,2018,https://boxd.it/i4gW,
49,The King's Speech,2010,https://boxd.it/dX0,
50,Dr. Strangelove or: How I Learned to Stop Worrying and Love the Bomb,1964,https://boxd.it/29eY,
51,Solaris,1972,https://boxd.it/2a2Y,
52,Brother,1997,https://boxd.it/1CA8,
53,Stalker,1979,https://boxd.it/28PO,
54,Brother 2,2000,https://boxd.it/1CzY,
55,Cargo 200,2007,https://boxd.it/1d7A,
56,Bone Tomahawk,2015,https://boxd.it/9kiw,
57,Starship Troopers,1997,https://boxd.it/2a7k,
58,Kiss Me Deadly,1955,https://boxd.it/1HHe,
59,Naked Lunch,1991,https://boxd.it/26ow,
60,Nightcrawler,2014,https://boxd.it/780m,
61,Kung Fu Hustle,2004,https://boxd.it/1YBi,
62,No Country for Old Men,2007,https://boxd.it/21ew,
63,Ace in the Hole,1951,https://boxd.it/1vXk,
64,Schindler's List,1993,https://boxd.it/2aq2,
65,Prisoners,2013,https://boxd.it/4E5i,
66,Blood Simple,1984,https://boxd.it/1U16,
67,Raise the Red Lantern,1991,https://boxd.it/1WlC,
68,House of Flying Daggers,2004,https://boxd.it/1YoI,
69,"Crouching Tiger, Hidden Dragon",2000,https://boxd.it/2b1M,
70,Bill & Ted's Excellent Adventure,1989,https://boxd.it/28oI,
71,"How Viktor ""The Garlic"" Took Alexey ""The Stud"" to the Nursing Home",2017,https://boxd.it/gHdS,
72,The Lady from Shanghai,1947,https://boxd.it/251Q,
73,Anon,2018,https://boxd.it/dTCE,
74,Train to Busan,2016,https://boxd.it/dSQU,
75,Office Uprising,2018,https://boxd.it/dgLW,
76,The Sixth Sense,1999,https://boxd.it/29Js,
77,"Hail, Caesar!",2016,https://boxd.it/881G,
78,Snowpiercer,2013,https://boxd.it/3Icg,
79,A Bittersweet Life,2005,https://boxd.it/1U4Y,
80,Carnage,2011,https://boxd.it/2peU,
81,Lolita,1962,https://boxd.it/29Ag,
82,Mission: Impossible - Fallout,2018,https://boxd.it/bSVc,
83,Borat: Cultural Learnings of America for Make Benefit Glorious Nation of Kazakhstan,2006,https://boxd.it/2agQ,
84,Seven Samurai,1954,https://boxd.it/2axi,
85,Warm Bodies,2013,https://boxd.it/2TFm,
86,Spartacus,1960,https://boxd.it/29bq,
87,Moonrise Kingdom,2012,https://boxd.it/2Wng,
88,Mutiny on the Bounty,1935,https://boxd.it/1S5K,
89,Inherent Vice,2014,https://boxd.it/5hla,
90,Yojimbo,1961,https://boxd.it/1SRY,
91,Mean Girls,2004,https://boxd.it/1VNg,
92,Sanjuro,1962,https://boxd.it/1TaQ,
93,Tenet,2020,https://boxd.it/leq4,
94,Falling Down,1993,https://boxd.it/194M,
95,Barry Lyndon,1975,https://boxd.it/25A2,
96,Spider-Man: Far From Home,2019,https://boxd.it/fegG,
97,Harakiri,1962,https://boxd.it/1NTU,
98,All the King's Men,1949,https://boxd.it/1vQI,
99,Metropolis,1927,https://boxd.it/71a,
100,Psycho,1960,https://boxd.it/2ab2,
