
Date,Name,Tags,URL,Description
2021-01-24,2021,,https://boxd.it/aYnli,

Position,Name,Year,URL,Description
1,Ghost in the Shell,1995,https://boxd.it/1YYc,
2,Deep Impact,1998,https://boxd.it/1ZYM,
3,The Big Short,2015,https://boxd.it/ajZw,
4,Vanilla Sky,2001,https://boxd.it/27TK,
5,High Life,2018,https://boxd.it/d6bk,
6,Rain Man,1988,https://boxd.it/2avw,
7,American Psycho,2000,https://boxd.it/28Vs,
8,Gantz:O,2016,https://boxd.it/dRTI,
9,Knock Knock,2015,https://boxd.it/7Q9s,
10,Contagion,2011,https://boxd.it/13rq,
11,L.A. Confidential,1997,https://boxd.it/27oC,
12,Magnolia,1999,https://boxd.it/2aze,
13,Body Heat,1981,https://boxd.it/1O9S,
14,Moulin Rouge!,2001,https://boxd.it/29wI,
15,The Nice Guys,2016,https://boxd.it/94Hg,
16,Ad Astra,2019,https://boxd.it/ePzI,
17,Se7en,1995,https://boxd.it/29zs,
18,Under the Silver Lake,2018,https://boxd.it/dSAs,
19,Greener Grass,2019,https://boxd.it/jYoY,
20,Catch-22,1970,https://boxd.it/1WrK,
21,Once Upon a Time in the West,1968,https://boxd.it/2az4,
22,Reign of Assassins,2010,https://boxd.it/SOS,
23,The 400 Blows,1959,https://boxd.it/2b1C,
24,The Current War,2017,https://boxd.it/eNvO,
25,Forbidden Planet,1956,https://boxd.it/29vK,
26,The Man Who Shot Liberty Valance,1962,https://boxd.it/1Tdg,
27,Stagecoach,1939,https://boxd.it/297S,
28,Fail Safe,1964,https://boxd.it/2afS,
29,Welcome to Chechnya,2020,https://boxd.it/oih2,
30,Bo Burnham: Inside,2021,https://boxd.it/v2uy,
31,Turbo Kid,2015,https://boxd.it/9X0c,
32,Anthropoid,2016,https://boxd.it/bOr8,
33,The Boondock Saints,1999,https://boxd.it/20gw,
34,All the President's Men,1976,https://boxd.it/29lU,
35,Life Is Beautiful,1997,https://boxd.it/29Wm,
36,Timecop,1994,https://boxd.it/1ZNO,
37,"O Brother, Where Art Thou?",2000,https://boxd.it/2b3I,
38,Enemy,2013,https://boxd.it/5xtO,
39,Devil in a Blue Dress,1995,https://boxd.it/204A,
40,Apocalypse Now,1979,https://boxd.it/6ZS,
41,The Gold Rush,1925,https://boxd.it/29ce,
42,The Truman Show,1998,https://boxd.it/18U8,
43,Drunken Angel,1948,https://boxd.it/1uYQ,
44,Birds of Prey (and the Fantabulous Emancipation of One Harley Quinn),2020,https://boxd.it/hSyO,
45,The Master,2012,https://boxd.it/2cBG,
46,Spotlight,2015,https://boxd.it/a84k,
47,The Stoker,2010,https://boxd.it/pFi,
48,Jerry Maguire,1996,https://boxd.it/1YNS,
49,We Bare Bears: The Movie,2020,https://boxd.it/pg7m,
50,8½,1963,https://boxd.it/2aqm,
51,Mulholland Drive,2001,https://boxd.it/297o,
52,The 10th Victim,1965,https://boxd.it/38w,
53,Fahrenheit 451,1966,https://boxd.it/28fw,
54,The Organizer,1963,https://boxd.it/Cas,
55,Barton Fink,1991,https://boxd.it/2aFQ,
56,American History X,1998,https://boxd.it/2bdo,
57,GoodFellas,1990,https://boxd.it/29FA,
58,Major Grom: Plague Doctor,2021,https://boxd.it/jeNS,
59,Wrath of Man,2021,https://boxd.it/nEia,
60,The Man Who Wasn't There,2001,https://boxd.it/1Vqc,
61,Revolutionary Road,2008,https://boxd.it/24Le,
62,The Invasion,2007,https://boxd.it/23Ku,
63,Aquaman,2018,https://boxd.it/9ru0,
64,Fury,2014,https://boxd.it/6JwC,
65,Mank,2020,https://boxd.it/mIuC,
66,Alien³,1992,https://boxd.it/20zS,
67,The Game,1997,https://boxd.it/26vC,
68,Jules and Jim,1962,https://boxd.it/28rM,
69,The Verdict,1982,https://boxd.it/1y3Y,
70,Fantastic Beasts: The Crimes of Grindelwald,2018,https://boxd.it/bg8G,
71,Ip Man,2008,https://boxd.it/1NrQ,
72,La Notte,1961,https://boxd.it/10iU,
73,The City of Lost Children,1995,https://boxd.it/29k8,
74,Moon,2009,https://boxd.it/1IGQ,
75,Invasion of the Body Snatchers,1956,https://boxd.it/1TAa,
76,Cypher,2002,https://boxd.it/1X0A,
77,The Ghost and the Darkness,1996,https://boxd.it/1VTe,
78,Terminal,2018,https://boxd.it/dqSo,
79,Ghost in the Shell 2: Innocence,2004,https://boxd.it/1SrG,
80,Judge Dredd,1995,https://boxd.it/1Yzm,
81,Dead Men Don't Wear Plaid,1982,https://boxd.it/1YFE,
82,Death Proof,2007,https://boxd.it/27GG,
83,The Mitchells vs. The Machines,2021,https://boxd.it/i7xm,
84,Little Women,2019,https://boxd.it/aSVk,
85,Running on Empty,1988,https://boxd.it/1How,
86,The Witcher: Nightmare of the Wolf,2021,https://boxd.it/oNDI,
87,Lady Bird,2017,https://boxd.it/dGNE,
88,The Little Things,2021,https://boxd.it/mdxU,
89,Dune,2021,https://boxd.it/fA7G,
90,X-Men: Days of Future Past,2014,https://boxd.it/4aRw,
91,It's a Wonderful Life,1946,https://boxd.it/28xA,
92,Psycho-Pass: The Movie,2015,https://boxd.it/9pi2,
93,Psycho-Pass: Sinners of the System - Case.3 In the Realm Beyond Is ____,2019,https://boxd.it/ku8y,
94,Psycho-Pass: Sinners of the System -  Case.1 Crime and Punishment,2019,https://boxd.it/iseq,
95,Psycho-Pass 3: First Inspector,2020,https://boxd.it/omQq,
96,The Death of Dick Long,2019,https://boxd.it/kIoA,
97,Following,1998,https://boxd.it/1Tj4,
98,The Lost Weekend,1945,https://boxd.it/1pgE,
99,Weekend at Bernie's,1989,https://boxd.it/204U,
100,Network,1976,https://boxd.it/1VqG,
101,Brimstone,2016,https://boxd.it/ayqQ,
102,To Live and Die in L.A.,1985,https://boxd.it/1XFo,
103,The Lady Eve,1941,https://boxd.it/25LY,
104,John Wick,2014,https://boxd.it/7dEc,
105,Collateral,2004,https://boxd.it/28F0,
106,Red Notice,2021,https://boxd.it/ixtq,
107,Only God Forgives,2013,https://boxd.it/2HBs,
108,The Driver,1978,https://boxd.it/27jW,
109,The Place Beyond the Pines,2012,https://boxd.it/3mDu,
110,6 Underground,2019,https://boxd.it/irU6,
111,Bad Times at the El Royale,2018,https://boxd.it/fSA2,
112,Shoot the Piano Player,1960,https://boxd.it/285w,
113,Atonement,2007,https://boxd.it/24ui,
114,Black Widow,2021,https://boxd.it/hWV8,
115,True Romance,1993,https://boxd.it/2aBa,
116,The Guernsey Literary & Potato Peel Pie Society,2018,https://boxd.it/g68w,
117,Venom: Let There Be Carnage,2021,https://boxd.it/llco,
