
Date,Name,Tags,URL,Description
2022-01-01,2022,,https://boxd.it/eFc7i,

Position,Name,Year,URL,Description
1,RockNRolla,2008,https://boxd.it/1PmI,
2,Don't Look Up,2021,https://boxd.it/o0Hc,
3,Palm Springs,2020,https://boxd.it/lCXQ,
4,The Apartment,1960,https://boxd.it/2aGE,
5,Double Indemnity,1944,https://boxd.it/297I,
6,This Gun for Hire,1942,https://boxd.it/1JL8,
7,Sullivan's Travels,1941,https://boxd.it/1Ko0,
8,Cashback,2006,https://boxd.it/1Sf6,
9,Being John Malkovich,1999,https://boxd.it/2ahu,
10,The Glass Key,1942,https://boxd.it/1J9I,
11,The Jacket,2005,https://boxd.it/1Y6a,
12,The Social Dilemma,2020,https://boxd.it/opQI,
13,The Hudsucker Proxy,1994,https://boxd.it/1SJA,
14,The Crow,1994,https://boxd.it/1Yxq,
15,The Last Duel,2021,https://boxd.it/mQbe,
16,The Machinist,2004,https://boxd.it/248c,
17,To Have and Have Not,1944,https://boxd.it/1Am4,
18,The Great Hack,2019,https://boxd.it/kL8g,
19,The Maltese Falcon,1941,https://boxd.it/29c4,
20,Navalny,2022,https://boxd.it/yV2g,
21,The Big Sleep,1946,https://boxd.it/29iQ,
22,Throne of Blood,1957,https://boxd.it/251w,
23,The Asphalt Jungle,1950,https://boxd.it/1Jrs,
24,13 Assassins,2010,https://boxd.it/jqc,
25,The Running Man,1987,https://boxd.it/29q6,
26,Nobody,2021,https://boxd.it/mLqS,
27,The Treasure of the Sierra Madre,1948,https://boxd.it/25Lk,
28,Eternals,2021,https://boxd.it/j36o,
29,Road to Perdition,2002,https://boxd.it/24Lo,
30,I Saw the Devil,2010,https://boxd.it/FaK,
31,The Elusive Revengers,1966,https://boxd.it/Y2K,
32,"Yesterday, Today and Tomorrow",1963,https://boxd.it/VZE,
33,Strange Days,1995,https://boxd.it/2aGO,
34,THX 1138,1971,https://boxd.it/29Ww,
35,Akira,1988,https://boxd.it/2b1i,
36,Dark City,1998,https://boxd.it/26uk,
37,Spider-Man: No Way Home,2021,https://boxd.it/nwRw,
38,True Grit,2010,https://boxd.it/Sog,
39,The Long Goodbye,1973,https://boxd.it/281O,
40,A Serious Man,2009,https://boxd.it/1RFW,
41,The Thin Red Line,1998,https://boxd.it/1ZTM,
42,Chopper,2000,https://boxd.it/1YtI,
43,Sabrina,1954,https://boxd.it/21tc,
44,Darkest Hour,2017,https://boxd.it/dZZa,
45,Judgment at Nuremberg,1961,https://boxd.it/29xc,
46,Witness for the Prosecution,1957,https://boxd.it/18H4,
47,"Sorry, Wrong Number",1948,https://boxd.it/1Bzo,
48,The Handmaiden,2016,https://boxd.it/948A,
49,Killing Them Softly,2012,https://boxd.it/IQ,
50,The Neon Demon,2016,https://boxd.it/9AnW,
51,Videodrome,1983,https://boxd.it/29uC,
52,Gone Girl,2014,https://boxd.it/6hQu,
53,The Post,2017,https://boxd.it/fTeG,
54,Roman Holiday,1953,https://boxd.it/29zW,
55,To Catch a Thief,1955,https://boxd.it/2avm,
56,The Postman Always Rings Twice,1946,https://boxd.it/1ve0,
57,Dark Waters,2019,https://boxd.it/kaYu,
58,The Batman,2022,https://boxd.it/eDGs,
59,Them!,1954,https://boxd.it/1UI0,
60,Thief,1981,https://boxd.it/1TEc,
61,No Time to Die,2021,https://boxd.it/cPX2,
62,Stoker,2013,https://boxd.it/34S2,
63,Everything Everywhere All at Once,2022,https://boxd.it/jUk4,
64,Chip 'n Dale: Rescue Rangers,2022,https://boxd.it/eSk2,
65,The King's Man,2021,https://boxd.it/h714,
66,Alita: Battle Angel,2019,https://boxd.it/e0rS,
67,The Man in the White Suit,1951,https://boxd.it/1gVS,
68,Shazam!,2019,https://boxd.it/8WBu,
69,Dog Day Afternoon,1975,https://boxd.it/29bg,
70,Le Samouraï,1967,https://boxd.it/22ZI,
71,Monty Python and the Holy Grail,1975,https://boxd.it/29GI,
72,Life of Brian,1979,https://boxd.it/2a4q,
73,"One, Two, Three",1961,https://boxd.it/2ap4,
74,The Meaning of Life,1983,https://boxd.it/249E,
75,The Seven Year Itch,1955,https://boxd.it/1VIK,
76,Baby Driver,2017,https://boxd.it/bhF2,
77,1987: When the Day Comes,2017,https://boxd.it/fwdq,
78,The Bad Guys,2022,https://boxd.it/nkg4,
79,Doctor Strange in the Multiverse of Madness,2022,https://boxd.it/gaTc,
80,Top Gun,1986,https://boxd.it/29JC,
81,Hero,2002,https://boxd.it/2bcq,
