
Date,Name,Tags,URL,Description
2019-06-02,Best,top,https://boxd.it/2ZKic,

Position,Name,Year,URL,Description
1,Seven Psychopaths,2012,https://boxd.it/34PW,
2,Pulp Fiction,1994,https://boxd.it/29Pq,
3,Fight Club,1999,https://boxd.it/2a9q,
4,"Good Morning, Vietnam",1987,https://boxd.it/29Aq,
5,12 Angry Men,1957,https://boxd.it/2auI,
6,Push,2009,https://boxd.it/1Q8W,
7,The Assassination of Jesse James by the Coward Robert Ford,2007,https://boxd.it/24dG,
8,Snatch,2000,https://boxd.it/2b7U,
9,Interstellar,2014,https://boxd.it/4VZ8,
10,Memento,2000,https://boxd.it/2bcK,
