
Date,Name,Tags,URL,Description
2021-05-10,Noir mood,"noir, neonoir",https://boxd.it/c4LmU,

Position,Name,Year,URL,Description
1,Motherless Brooklyn,2019,https://boxd.it/ieJk,
2,Memento,2000,https://boxd.it/2bcK,
3,Taxi Driver,1976,https://boxd.it/2b8y,
4,Kiss Kiss Bang Bang,2005,https://boxd.it/23c8,
5,Sin City,2005,https://boxd.it/2aVk,
6,Sin City: A Dame to Kill For,2014,https://boxd.it/2aV0,
7,The Lady from Shanghai,1947,https://boxd.it/251Q,
8,Zodiac,2007,https://boxd.it/27MO,
9,Inherent Vice,2014,https://boxd.it/5hla,
10,Brick,2005,https://boxd.it/1Z6A,
11,Drive,2011,https://boxd.it/IG,
12,Renaissance,2006,https://boxd.it/1YO2,
13,Blade Runner 2049,2017,https://boxd.it/b8wK,
14,Nightcrawler,2014,https://boxd.it/780m,
15,Fight Club,1999,https://boxd.it/2a9q,
16,Se7en,1995,https://boxd.it/29zs,
17,The Nice Guys,2016,https://boxd.it/94Hg,
18,Body Heat,1981,https://boxd.it/1O9S,
19,L.A. Confidential,1997,https://boxd.it/27oC,
20,All the President's Men,1976,https://boxd.it/29lU,
21,Devil in a Blue Dress,1995,https://boxd.it/204A,
22,The Man Who Wasn't There,2001,https://boxd.it/1Vqc,
23,Mute,2018,https://boxd.it/e6nW,
24,Dead Men Don't Wear Plaid,1982,https://boxd.it/1YFE,
25,The Little Things,2021,https://boxd.it/mdxU,
26,Akudama Drive,2020,https://boxd.it/sBzM,
27,To Live and Die in L.A.,1985,https://boxd.it/1XFo,
28,John Wick,2014,https://boxd.it/7dEc,
29,The Driver,1978,https://boxd.it/27jW,
30,True Romance,1993,https://boxd.it/2aBa,
31,Double Indemnity,1944,https://boxd.it/297I,
32,This Gun for Hire,1942,https://boxd.it/1JL8,
33,The Glass Key,1942,https://boxd.it/1J9I,
34,The Maltese Falcon,1941,https://boxd.it/29c4,
35,The Big Sleep,1946,https://boxd.it/29iQ,
36,The Asphalt Jungle,1950,https://boxd.it/1Jrs,
37,Strange Days,1995,https://boxd.it/2aGO,
38,Dark City,1998,https://boxd.it/26uk,
39,The Long Goodbye,1973,https://boxd.it/281O,
40,The Postman Always Rings Twice,1946,https://boxd.it/1ve0,
41,Le Samouraï,1967,https://boxd.it/22ZI,
42,A Scanner Darkly,2006,https://boxd.it/25jK,
