
Date,Name,Tags,URL,Description
2021-05-10,Old films i've liked,,https://boxd.it/c4Mt8,Old for me - time before 1985

Position,Name,Year,URL,Description
1,Taxi Driver,1976,https://boxd.it/2b8y,
2,Paths of Glory,1957,https://boxd.it/29b6,
3,12 Angry Men,1957,https://boxd.it/2auI,
4,Casablanca,1942,https://boxd.it/2aG0,
5,Jesus Christ Superstar,1973,https://boxd.it/1RK8,
6,Some Like It Hot,1959,https://boxd.it/2aNA,
7,The Great Race,1965,https://boxd.it/1TvY,
8,Full Metal Jacket,1987,https://boxd.it/2a1Q,
9,A Fistful of Dollars,1964,https://boxd.it/2auo,
10,For a Few Dollars More,1965,https://boxd.it/29eu,
11,"The Good, the Bad and the Ugly",1966,https://boxd.it/2ape,
12,The Great Dictator,1940,https://boxd.it/29ic,
13,Dr. Strangelove or: How I Learned to Stop Worrying and Love the Bomb,1964,https://boxd.it/29eY,
14,Ace in the Hole,1951,https://boxd.it/1vXk,
15,The Lady from Shanghai,1947,https://boxd.it/251Q,
16,Mutiny on the Bounty,1935,https://boxd.it/1S5K,
17,Yojimbo,1961,https://boxd.it/1SRY,
18,Kin-dza-dza!,1986,https://boxd.it/1CMS,
19,Body Heat,1981,https://boxd.it/1O9S,
20,Barry Lyndon,1975,https://boxd.it/25A2,
21,Once Upon a Time in the West,1968,https://boxd.it/2az4,
22,Fail Safe,1964,https://boxd.it/2afS,
23,All the President's Men,1976,https://boxd.it/29lU,
24,Apocalypse Now,1979,https://boxd.it/6ZS,
25,The 400 Blows,1959,https://boxd.it/2b1C,
26,The 10th Victim,1965,https://boxd.it/38w,
27,The Organizer,1963,https://boxd.it/Cas,
28,Jules and Jim,1962,https://boxd.it/28rM,
29,Invasion of the Body Snatchers,1956,https://boxd.it/1TAa,
30,Dead Men Don't Wear Plaid,1982,https://boxd.it/1YFE,
31,It's a Wonderful Life,1946,https://boxd.it/28xA,
32,Shoot the Piano Player,1960,https://boxd.it/285w,
33,The Apartment,1960,https://boxd.it/2aGE,
34,Double Indemnity,1944,https://boxd.it/297I,
35,This Gun for Hire,1942,https://boxd.it/1JL8,
36,Sullivan's Travels,1941,https://boxd.it/1Ko0,
37,The Glass Key,1942,https://boxd.it/1J9I,
38,To Have and Have Not,1944,https://boxd.it/1Am4,
39,The Maltese Falcon,1941,https://boxd.it/29c4,
40,The Big Sleep,1946,https://boxd.it/29iQ,
41,The Asphalt Jungle,1950,https://boxd.it/1Jrs,
42,The Treasure of the Sierra Madre,1948,https://boxd.it/25Lk,
43,"Yesterday, Today and Tomorrow",1963,https://boxd.it/VZE,
44,Sabrina,1954,https://boxd.it/21tc,
45,Judgment at Nuremberg,1961,https://boxd.it/29xc,
46,Witness for the Prosecution,1957,https://boxd.it/18H4,
47,Roman Holiday,1953,https://boxd.it/29zW,
48,To Catch a Thief,1955,https://boxd.it/2avm,
49,The Postman Always Rings Twice,1946,https://boxd.it/1ve0,
50,Le Samouraï,1967,https://boxd.it/22ZI,
51,Monty Python and the Holy Grail,1975,https://boxd.it/29GI,
52,Life of Brian,1979,https://boxd.it/2a4q,
53,"One, Two, Three",1961,https://boxd.it/2ap4,
