
Date,Name,Tags,URL,Description
2019-12-25,Purgatory,,https://boxd.it/4pLHo,

Position,Name,Year,URL,Description
1,Stoker,2013,https://boxd.it/34S2,
2,Everything Everywhere All at Once,2022,https://boxd.it/jUk4,
3,Chip 'n Dale: Rescue Rangers,2022,https://boxd.it/eSk2,
4,The King's Man,2021,https://boxd.it/h714,
5,Alita: Battle Angel,2019,https://boxd.it/e0rS,
6,The Man in the White Suit,1951,https://boxd.it/1gVS,
7,Shazam!,2019,https://boxd.it/8WBu,
8,Dog Day Afternoon,1975,https://boxd.it/29bg,
9,Le Samouraï,1967,https://boxd.it/22ZI,
10,Monty Python and the Holy Grail,1975,https://boxd.it/29GI,
11,Life of Brian,1979,https://boxd.it/2a4q,
12,"One, Two, Three",1961,https://boxd.it/2ap4,
13,The Meaning of Life,1983,https://boxd.it/249E,
14,The Seven Year Itch,1955,https://boxd.it/1VIK,
15,Baby Driver,2017,https://boxd.it/bhF2,
16,1987: When the Day Comes,2017,https://boxd.it/fwdq,
17,The Bad Guys,2022,https://boxd.it/nkg4,
18,Doctor Strange in the Multiverse of Madness,2022,https://boxd.it/gaTc,
19,Top Gun,1986,https://boxd.it/29JC,
20,Hero,2002,https://boxd.it/2bcq,
