
Date,Name,Tags,URL,Description
2019-12-25,Worth watching,,https://boxd.it/4pLJu,

Position,Name,Year,URL,Description
1,Her,2013,https://boxd.it/4O24,
2,Burn After Reading,2008,https://boxd.it/23BW,
3,The Intouchables,2011,https://boxd.it/2FT0,
4,Minority Report,2002,https://boxd.it/2aWi,
5,Once Upon a Time… in Hollywood,2019,https://boxd.it/gH0O,
6,The Pianist,2002,https://boxd.it/2aqc,
7,Insomnia,2002,https://boxd.it/2aB0,
8,Mr. Brooks,2007,https://boxd.it/25nW,
9,Interstate 60,2002,https://boxd.it/1DIs,
10,Jackie Brown,1997,https://boxd.it/2aVO,
11,The Killing,1956,https://boxd.it/2aMi,
12,Upgrade,2018,https://boxd.it/i4gW,
13,Cargo 200,2007,https://boxd.it/1d7A,
14,Naked Lunch,1991,https://boxd.it/26ow,
15,The Aviator,2004,https://boxd.it/26BU,
16,Oldboy,2003,https://boxd.it/29R2,
17,Raise the Red Lantern,1991,https://boxd.it/1WlC,
18,Anon,2018,https://boxd.it/dTCE,
19,Office Uprising,2018,https://boxd.it/dgLW,
20,Carnage,2011,https://boxd.it/2peU,
21,Lolita,1962,https://boxd.it/29Ag,
22,Spartacus,1960,https://boxd.it/29bq,
23,Mean Girls,2004,https://boxd.it/1VNg,
24,Falling Down,1993,https://boxd.it/194M,
25,Harakiri,1962,https://boxd.it/1NTU,
26,Deep Impact,1998,https://boxd.it/1ZYM,
27,Ghost in the Shell,1995,https://boxd.it/1YYc,
28,Rain Man,1988,https://boxd.it/2avw,
29,Contagion,2011,https://boxd.it/13rq,
30,Se7en,1995,https://boxd.it/29zs,
31,Greener Grass,2019,https://boxd.it/jYoY,
32,Forbidden Planet,1956,https://boxd.it/29vK,
33,Stagecoach,1939,https://boxd.it/297S,
34,Welcome to Chechnya,2020,https://boxd.it/oih2,
35,Bo Burnham: Inside,2021,https://boxd.it/v2uy,
36,Turbo Kid,2015,https://boxd.it/9X0c,
37,Land of the Dead,2005,https://boxd.it/1Tfm,
38,The Gold Rush,1925,https://boxd.it/29ce,
39,The Boondock Saints,1999,https://boxd.it/20gw,
40,Drunken Angel,1948,https://boxd.it/1uYQ,
41,The Stoker,2010,https://boxd.it/pFi,
42,Jerry Maguire,1996,https://boxd.it/1YNS,
43,8½,1963,https://boxd.it/2aqm,
44,Fahrenheit 451,1966,https://boxd.it/28fw,
45,Barton Fink,1991,https://boxd.it/2aFQ,
46,Major Grom: Plague Doctor,2021,https://boxd.it/jeNS,
47,The Invasion,2007,https://boxd.it/23Ku,
48,The Game,1997,https://boxd.it/26vC,
49,The Verdict,1982,https://boxd.it/1y3Y,
50,Fantastic Beasts: The Crimes of Grindelwald,2018,https://boxd.it/bg8G,
51,The City of Lost Children,1995,https://boxd.it/29k8,
52,La Notte,1961,https://boxd.it/10iU,
53,Death Proof,2007,https://boxd.it/27GG,
54,The Witcher: Nightmare of the Wolf,2021,https://boxd.it/oNDI,
55,Psycho-Pass: The Movie,2015,https://boxd.it/9pi2,
56,The Lost Weekend,1945,https://boxd.it/1pgE,
57,Network,1976,https://boxd.it/1VqG,
58,To Live and Die in L.A.,1985,https://boxd.it/1XFo,
59,Collateral,2004,https://boxd.it/28F0,
60,Atonement,2007,https://boxd.it/24ui,
61,Cashback,2006,https://boxd.it/1Sf6,
62,The Jacket,2005,https://boxd.it/1Y6a,
63,The Crow,1994,https://boxd.it/1Yxq,
64,The Machinist,2004,https://boxd.it/248c,
65,The Great Hack,2019,https://boxd.it/kL8g,
66,Eternals,2021,https://boxd.it/j36o,
67,I Saw the Devil,2010,https://boxd.it/FaK,
68,THX 1138,1971,https://boxd.it/29Ww,
69,The Long Goodbye,1973,https://boxd.it/281O,
70,Darkest Hour,2017,https://boxd.it/dZZa,
71,The Batman,2022,https://boxd.it/eDGs,
72,No Time to Die,2021,https://boxd.it/cPX2,
